{"MO": 12.251975125630862, "ADM": 18.586493130737246, "BFB": 18.146062441449274, "CPB": 13.381165390874743, "CHD": 37.355009008654555, "CLX": 37.79151753126439, "KO": 20.425277196497998, "CL": 30.2061711090719, "CAG": 11.519270632114784, "STZ": 8.090123683881425, "COST": 23.767445551669056, "EL": 22.37094133533888, "GIS": 11.502414112655417, "HSY": 25.263611821549347, "HRL": 40.074340829055906, "SJM": 18.090710277904282, "K": 15.484508196549267, "KMB": 26.46628015468899, "KR": 16.257656524915753, "MKC": 10.371031163043028, "TAP": 22.135843284541522, "MDLZ": 23.871721510664546, "MNST": 16.109970139046897, "PEP": 22.86920460366375, "PM": 15.552101284992897, "PG": 25.45243300360419, "SYY": 9.56206864955848, "TSN": 21.20132357734473, "WMT": 21.45919577114195, "WBA": 6.62523030890955}