{"train_losses": [0.0036528318770954727, 0.0029732145334788805, 0.002463320250984559, 0.0021150026759190537, 0.0018830825244955858, 0.0015998037225143252, 0.0014365585216924595, 0.0012273641429814271, 0.0011436771518358439, 0.0010346992372007584, 0.0009381727339532259, 0.0009345138323817779, 0.00075004208214368, 0.0006889122360652637, 0.0006841967720218442, 0.0006363852483555609, 0.0006018084784193998, 0.0005963460582717989, 0.0005709072427647865, 0.0006088588169217771, 0.0005664775813293993, 0.0005463391399573071, 0.0005278353825383258, 0.0005034235337329491, 0.0005072952017853951, 0.0005273442026615763, 0.00048508357681288194, 0.000459500125937324, 0.0004580299003509613, 0.0004524482519756788, 0.00045545377152132245, 0.0004780604449092123, 0.00045027859468586455, 0.0004663601072115208, 0.00043098739030377126, 0.0003827182120513105, 0.0003731248751214577, 0.0004436938681258698, 0.00039896773008915766, 0.000448398920918975, 0.0004513270518571594, 0.0003969731969588167, 0.0004507633958440992, 0.00044495648441451077, 0.0004110522437026412, 0.0003798904137820887, 0.0004018037737341406, 0.00044282602304378065, 0.00037844971746329304, 0.0003588883915550946, 0.00038733435171352476, 0.00039294945353574815, 0.00043370021421328955, 0.0003674972733717613, 0.0004228259576783856, 0.0003465688531968168, 0.00034790116437406987, 0.0003542515417051721, 0.0003765864018681096, 0.0004029273456858359, 0.0003930901047111702, 0.00038603558063677164, 0.00039173971223741927, 0.0004420947687141432, 0.00033577490712108143, 0.0004333366844464582, 0.00041135156536243646, 0.00040074114815766694, 0.00042421307569010105, 0.00039335818076434014, 0.00040333843615578146, 0.0004108306048750664, 0.00038065446421975873, 0.00037483190559820895, 0.0004033837807492736, 0.0004214901656004458, 0.0003910318777446696, 0.00038660013577242376, 0.00042000742964999724, 0.0004114810581989248, 0.00040563812632842737, 0.00042234090752501277, 0.000426094374730473, 0.0004260850655813272, 0.00038859755859319337, 0.0003739141228453773, 0.00040713756176265757, 0.00038472316459161666, 0.00035117322072082907, 0.0003803719240272746, 0.0003708761896374483, 0.0003856714238604227, 0.00040870403331642104, 0.00040195646433600186, 0.00038726175664626855, 0.0003520211470691101, 0.0004006986046788499, 0.00035448567353257935, 0.0003960459438247147, 0.0004194950083116274], "val_losses": [0.0030371499558289844, 0.0027762033278122544, 0.0006270027040348699, 0.0010219398032252987, 0.0009457328434412678, 0.00025139452870159097, 0.00020736251268923904, 0.00019393402520411957, 0.0002835042056782792, 0.00015429761285001102, 0.00018718819871234397, 0.0003608405687070141, 0.0005023693442732717, 0.00016600936335938363, 0.00025872291444102303, 0.0005006918877673646, 0.0007050425182872762, 0.00025674690696178006, 0.00032367602883217234, 0.0001403009967665033, 0.00030143960272350037, 0.0001653412684390787, 0.0008245257136877626, 0.0008427695701053987, 0.0009632172062993049, 0.0004378700531863918, 0.0006618865241762251, 0.00033271967937859395, 0.0003128554293652996, 0.0005562493344768882, 0.000383823539596051, 0.0004563918337225914, 0.00036517063951275, 0.0006836419789275776, 0.00027516658374224787, 0.000617190640574942, 0.0008582497500659277, 0.0010264779441058636, 0.0008120791423910608, 0.0010083597929527361, 0.000520404358394444, 0.0003933631252342214, 0.0002101756317036537, 0.0004957910889061168, 0.0005261786165647209, 0.0007504507976894577, 0.0005348774206746991, 0.000889264460420236, 0.000381480601693814, 0.0006827970636853327, 0.00026146418143374226, 0.0005047505216983458, 0.0003702263997790093, 0.0007689059809005508, 0.00032339624594897033, 0.0003615256738460933, 0.00042040037515107543, 0.0006335010325225691, 0.00021335706599832823, 0.00035717918168908603, 0.0005216189485508949, 0.0004408837538600589, 0.0007108211381516109, 0.0002649157162522897, 0.0003498022657974313, 0.00028285003742591167, 0.000354411025182344, 0.0003437893989030272, 0.00028404601083214707, 0.00019296040045446716, 0.00032980035272582125, 0.00046909989711518086, 0.0007414923709196349, 0.00041747115513620275, 0.00044348826825929186, 0.0006778264767490327, 8.937219657430735e-05, 0.00039048303733579814, 0.000311247434001416, 0.0003045652027746352, 0.00037859717461590967, 0.00045932366726143906, 0.00015271637093974277, 0.0005815726821310818, 0.0003568962788752591, 0.00021566778959822842, 0.00011300143729992366, 0.0002662000804169414, 0.0005301367704911779, 0.0002895877517100113, 0.00022164238059000732, 0.0004975528145829837, 0.0002306096415850334, 0.00035982750123366716, 0.000632111425511539, 0.000472937862893256, 0.00031136352433046944, 0.0003971104607141266, 0.0005184700848379482, 0.0002115216258971486], "train_accs": [5.19239230401127, 4.616692900657654, 4.210013592496831, 3.8303521622157266, 3.5808453509148133, 3.338014838543344, 3.1624511400013104, 2.8969497268504285, 2.7762516157846924, 2.6941410854775856, 2.5659753367410483, 2.5235559200564173, 2.308557355234809, 2.1998680593274162, 2.189274405756741, 2.1002951841405095, 2.0707521947985845, 2.04108608381968, 2.001047817950553, 2.073137638205332, 2.026530146598816, 1.979543203157736, 1.9359677930672963, 1.889667604831939, 1.8995277887963233, 1.9554846903956529, 1.872051771650923, 1.8055612947923918, 1.8039899191535111, 1.7865461713456092, 1.7985219384761566, 1.8388417788008427, 1.7762009983367109, 1.812826322748306, 1.7481445613059592, 1.660949187921294, 1.6240281378123778, 1.7871024293679718, 1.6767029405062925, 1.7716060908550912, 1.76795442624295, 1.6696597813291754, 1.7675699094931285, 1.7636548386397937, 1.719995287293238, 1.6645340391084658, 1.6482881381579324, 1.761128693396318, 1.6284595948795901, 1.577317697359315, 1.6615531190912773, 1.6559156444689906, 1.745017963732388, 1.5990068696914834, 1.7047537030480433, 1.5544228264203308, 1.567223051232649, 1.5811186204565333, 1.6217265391180702, 1.6708167214342888, 1.675467512920393, 1.6574048187504424, 1.6424085159673758, 1.724037622729092, 1.5420548010168347, 1.725605422723378, 1.684250345678194, 1.6390280351571158, 1.7114331859646115, 1.6517659093894013, 1.651304581592269, 1.688355286916097, 1.623141849505986, 1.5864723155684506, 1.6771025600585532, 1.7123264027825484, 1.6338840566628368, 1.614205299117041, 1.6910108936593888, 1.6911072346335607, 1.6717166411327131, 1.710045873273349, 1.7072030373498903, 1.7178686470427411, 1.6293946447524619, 1.6201975903612502, 1.6746700596302113, 1.6055567658750722, 1.5623772155942646, 1.6356884376377079, 1.589895154567475, 1.6472626594786948, 1.6801813032398834, 1.6453851571319797, 1.6517945800689942, 1.5715304224203663, 1.6681833793508245, 1.5678929198295513, 1.6494419312646202, 1.6735042323034706],