{"train_losses": [0.03193542635207005, 0.012934358028450598, 0.0085261836131962, 0.0061633208075518465, 0.004267700109795951, 0.0031547381419602598, 0.00244774664867775, 0.0018535288382471862, 0.0016113445604490843, 0.0013123650547795672, 0.0011485540462865872, 0.001022653762067021, 0.0010289857789964071, 0.0009172890338520783, 0.0008071893981966712, 0.0007751753966258806, 0.0007339360912583094, 0.0006873107750892659, 0.0006295532629924665, 0.0005597495376134493, 0.0005572971076488244, 0.0005398534706579885, 0.0005511502455734212, 0.0005385306975903346, 0.00048374758855499996, 0.0004759639894421764, 0.0004932831524463011, 0.0004950572218420232, 0.0004835425276356313, 0.0004168069246059931, 0.00047031409073323185, 0.0004390726240439727, 0.00040934459030587337, 0.00044280891675140433, 0.0004284628619592024, 0.0004115625253160433, 0.0004207601658445709, 0.00037698077558032453, 0.0004131060687276858, 0.00039808201003041125, 0.00038658549310123476, 0.000425666100061222, 0.000388328969714018, 0.0003777573772512892, 0.00038469277042038955, 0.00040590335395384675, 0.0003913152104876077, 0.00042229925728609857, 0.00038461476529162817, 0.00037002462594894154, 0.000358271905936153, 0.0003888769365113013, 0.0003661810853811648, 0.0003717236337535775, 0.00036127949221497683, 0.0003729021465773232, 0.0003968995197863749, 0.0003645020653609808, 0.00034936287758024803, 0.0003994780154050417, 0.0003688070098326644, 0.00038574820148095187, 0.00038188363244102323, 0.000402881618962662, 0.0003554029787555403, 0.00040967737039225425, 0.00033968440205152297, 0.00040254060302763814, 0.00039370020128463943, 0.0003918175122589996, 0.0003649292938597624, 0.0003691182851425829, 0.0003658704276374997, 0.0003950709672976023, 0.00044756253937392246, 0.00036500648251384395, 0.0003811022602058848, 0.000409039161150494, 0.0004197794691763128, 0.00036425708760284484, 0.0003637504544822666, 0.0003846189716207697, 0.0003728453977330107, 0.00037848304511615115, 0.0003892025392589651, 0.0003894812138667553, 0.00031415377726642365, 0.0003479554781720995, 0.00041922731169190665, 0.00039173551827998576, 0.00033496069384500194, 0.0004104815828065402, 0.00037179808073265543, 0.00036336767447958386, 0.00038994774531473156, 0.00037304838495285677, 0.0003810924772938535, 0.0003691010107291435, 0.00039504676252808497, 0.00033608060084266424], "val_losses": [0.16023285140593846, 0.033764118204514186, 0.008901189422855775, 0.00011219343480964502, 0.0002050379436695948, 0.0011329816557311763, 0.0009417837456567213, 0.00465370846601824, 0.00027965536234357086, 0.0006033523905595455, 0.000528288909602755, 0.0023215270057941476, 0.00016848141191682468, 0.0008563898678403348, 0.0001127009569851604, 0.0017770267246911924, 0.0004660682170651853, 0.0008847168646752834, 0.0018448349631701906, 0.00028596798122938104, 0.0012173411552794278, 0.0004525776777882129, 0.002994476677849889, 0.005645860514293114, 0.00033744285368205357, 0.0001315019673105174, 0.0001955977747760092, 0.00017563106084708124, 6.193837192161785e-05, 7.904556405264884e-05, 6.402462774227995e-05, 8.270133960953293e-05, 6.661341891837462e-05, 5.698378172382945e-05, 0.0006591723979605983, 6.625290152442175e-05, 0.00033262053038924934, 0.0007839301814480374, 0.0002559521822452856, 0.0028885260534783205, 0.0008415184759845337, 0.0009480884104656677, 6.0675480987508006e-05, 0.0013438871751228969, 0.00018038821581285448, 0.0007468657684512436, 6.852725030815539e-05, 5.633176976213387e-05, 0.0005959692527540029, 0.0003760479342114801, 6.526678516820539e-05, 5.883202708597916e-05, 0.00014723180793225766, 0.00022492481560523931, 5.5981892364798115e-05, 0.0005463635723572224, 6.146979867480696e-05, 0.0003159503306960687, 0.0008849320467561484, 0.0001787015629815869, 5.9435536725989854e-05, 0.0005691847259489198, 8.429402635859637e-05, 0.0006197708775289356, 0.0002448414801619947, 0.00031983703762913744, 0.0004334903758717701, 9.369287630155062e-05, 0.00025693965386987353, 0.0004679098482786988, 0.0005511162938394895, 6.404013535454093e-05, 6.103999688396773e-05, 9.367909551656339e-05, 0.0007709886781716098, 0.00020580251924305534, 0.0006996404670644551, 0.0002971818835552161, 0.0001326046515411387, 0.0010720175923779607, 0.00011064386938717993, 0.0003915051182654376, 6.486134916485752e-05, 0.0002956242261764904, 9.70535458084972e-05, 7.861499980208465e-05, 0.0005372321233153343, 9.259966427634935e-05, 0.00026034629797019686, 0.001316124996325622, 0.0008673582245440533, 0.0001340634376295687, 0.00010343408830522094, 0.0006278874954053511, 9.24137372445936e-05, 7.412723304393391e-05, 0.0015438387636095285, 0.000359528914365607, 0.0008140795126867791, 0.00028532577659158657], "train_accs": [14.725696771702868, 9.859039118949402, 7.974823714993525, 6.826696488874179, 5.699804274748403, 4.803238397794412, 4.192800585682511, 3.69594614810132, 3.3996072939947144, 3.069833993911743, 2.883293031800723, 2.7452938307261636, 2.6847079985953393, 2.5733310119480106, 2.394157773636757, 2.365253513797801, 2.2683562441920557, 2.197369973076151, 2.107441763294504, 1.9789347864211875, 1.986829067587007, 1.9354512617520407, 1.9532839936990265, 1.9054496281958642, 1.816399096174443, 1.8092837815589093, 1.847329078413916, 1.8483268624924598, 1.8204201428180045, 1.6834952364153897, 1.7653212733302557, 1.7317969348836453, 1.6823544829872483, 1.7226337650988965, 1.701281415021166, 1.6764005881252018, 1.7038997840796801, 1.5989048601465021, 1.6880331371270172, 1.6396495535018596, 1.6373354169071144, 1.670536271646513, 1.6252202142214944, 1.5771998860311847, 1.6210400197945587, 1.615542122658263, 1.6315949130142835, 1.6760166410013293, 1.6020126064829792, 1.5797226686849661, 1.5606565864373607, 1.6058091420865228, 1.5823981689011797, 1.53906312954764, 1.543015127380689, 1.5660619103739448, 1.6201600263304745, 1.552414690349119, 1.5018185436302889, 1.6522565827513418, 1.533675396273322, 1.5980054511034743, 1.6061275764137295, 1.635822115637732, 1.5312193928035438, 1.6199967364470165, 1.485609547571933, 1.626073124032494, 1.6009023279374373, 1.6162346123803593, 1.5593332982232384, 1.5607099691604047, 1.5466704279818433, 1.618536002352728, 1.7047959684480167, 1.5504941964614476, 1.5946650676270748, 1.6364884860549413, 1.6614965680220448, 1.5338075568912724, 1.5354657991135374, 1.5875854754278846, 1.5558861159052408, 1.5797739778216005, 1.5927874528347177, 1.5859107399451817, 1.4486987456573661, 1.521410217099156, 1.6725995191868315, 1.5960610027008868, 1.4897199537314423, 1.664480870497142, 1.5738808134346143, 1.530467818814812, 1.6150388072991202, 1.567773588582979, 1.575376367526697, 1.5870502991667876, 1.6206730384353205, 1.5035591348477289],