{"train_losses": [0.02079255933417602, 0.00849928801956897, 0.004306242818587479, 0.0015952867539995846, 0.0008410199669737564, 0.0006630260468356795, 0.0006222276524890376, 0.0006150113923525923, 0.0005861928866128024, 0.0005857566619149066, 0.0005124123362815652, 0.000535862988152798, 0.0005094648586752897, 0.0004661505729972892, 0.0004817229604255862, 0.0004540079180579525, 0.0004847249896530803, 0.0005011265710897617, 0.000445814207284992, 0.00042546668534946516, 0.0004600285416495192, 0.00042224922841432356, 0.0004044880534685093, 0.00043704838477837165, 0.0003956813446598223, 0.0004026443377550624, 0.0004266670488285731, 0.00045195245808394994, 0.00039576396491301764, 0.0003981613448533272, 0.0004382820642223633, 0.0003751101528724956, 0.0004019379958269725, 0.0003454142733197783, 0.0004320490722891673, 0.0003663348360474784, 0.00043731227110551605, 0.00039914777397638616, 0.0004080507474261417, 0.0004409934707005147, 0.0004345310473762385, 0.00046289875588769087, 0.0004160370908011699, 0.00041905328033224463, 0.00046852506621941387, 0.00047047896995091503, 0.0004158803231087191, 0.000365725217171588, 0.0004521387831157475, 0.0004111975273280487, 0.00035180107810679436, 0.000402812109507764, 0.0004223942481250096, 0.0004066735721266117, 0.0004743498696157947, 0.0003803229927091945, 0.00037766696368635166, 0.0003705542650669673, 0.0004378346261127269, 0.000397254450403357, 0.0004118468060233739, 0.00041480109634484515, 0.0004649435173142586, 0.00042527233052440237, 0.00040672612031161125, 0.0004215233439284646, 0.00044653292553957985, 0.0003701015817723794, 0.0004259042195971756, 0.0003993642238980256, 0.00041366375226319806, 0.00040359221586173423, 0.00040951930454769913, 0.0003751615326664186, 0.00043667140753249513, 0.0004337131391586022, 0.00037914012483779774, 0.0004190511200436662, 0.00039518994260835297, 0.00045713824228516117, 0.0003925632287670548, 0.00042262683884267105, 0.00038504356763551445, 0.00038154384242100327, 0.0003791554382774551, 0.0003955860376650722, 0.0004074041295672219, 0.00043288853094506025, 0.00045632946289805794, 0.0003744211072889231, 0.0004015037447196788, 0.0004663795384432681, 0.000384937998096059, 0.0003768058786268184, 0.0003906219362051941, 0.0004347945131040104, 0.00035680298261719684, 0.00041849552077974616, 0.0004000980616763898, 0.00040570906165170693], "val_losses": [0.10212136656045914, 0.030421592046817145, 0.006837752632175883, 0.0002369596584079166, 0.0008128916476077089, 0.00039833369131277624, 0.0004348838328345058, 0.0009565981900474678, 0.0001865999181366836, 0.0001186776037987632, 0.0001644738033064641, 0.001146493669754515, 0.0009664610726758838, 0.00016079766646726057, 0.000636567435382555, 0.0037836247434218724, 0.0012803078939517339, 0.0004760582223146533, 0.00037528264607923726, 0.00021296860068105162, 0.001261313515715301, 0.00015261389538257693, 0.00019114787282887847, 0.0013927623202713826, 0.0006525779666844755, 0.00012813202435305962, 0.00023713518166914582, 0.00024487025608929496, 0.00013537169919194034, 0.0003524507948895916, 0.00025487541570328175, 9.486352561604387e-05, 0.0004339144186815247, 0.0001019599636492785, 0.0005945224082097411, 0.001172155475554367, 0.00018053903404506854, 0.0001542137307599963, 0.00011936302374427517, 0.00015037411285447888, 9.927487953973469e-05, 0.0003107549011474475, 0.00010241155347709233, 0.0002660629887638303, 0.0002589004953430655, 0.0006504761889421692, 0.00017865282449444446, 0.0002957552836354201, 0.00015380377177886355, 0.0002155910415846544, 0.0005073768824028472, 0.0004797413692964862, 0.005857834033668042, 0.00011904569255420938, 0.0006126356835011393, 0.00010797996195227218, 0.0003316257309052162, 0.0008285986764046053, 0.00035026325640501453, 0.0004113518991895641, 0.00018891991154911618, 0.0004926646312621111, 0.0012503065285272897, 0.0005553615017561242, 0.0005790456722024828, 0.00046784680162090806, 0.0003955341244970138, 0.0009405216590190927, 0.00036543331613453725, 0.0007341468900752564, 0.0013297850421319405, 0.001137856962547327, 0.0002505662070082811, 0.0002489143366498562, 0.0002338009876742338, 0.0003522421019927909, 0.0001367865331606784, 0.00010262418048417506, 0.0001928372786399753, 0.00030510012875311076, 0.00019513342316107202, 0.00104480007236513, 0.0006710656782767425, 0.00021022751898271962, 0.0009337670790652435, 0.0007351552116839836, 0.0001133104024726587, 0.0011261332120435933, 0.0009628658144113918, 0.00013465117202334417, 0.00020136596382750818, 9.776019614946563e-05, 0.0007677298621274531, 0.00015082319878274576, 0.00035570078956273694, 9.418131594429724e-05, 0.0003530362654904214, 0.00014307826374230595, 0.0004091346083441749, 0.00033236624197646356], "train_accs": [12.066441128439937, 7.8850808202797635, 5.613227912720213, 3.304333660196751, 2.4078361683703484, 2.1724560793409955, 2.102061626758981, 2.050610512917769, 2.00780813977228, 2.0259930034901235, 1.8733020965934646, 1.9185348482842142, 1.8727409123106207, 1.7865947024196598, 1.8037129454578913, 1.7777271002319688, 1.8110046141536524, 1.8430863347247983, 1.7472981668955891, 1.6938864413305377, 1.7739408140909587, 1.672990212098081, 1.6700384158191952, 1.7351689685321023, 1.6161508295975677, 1.6334563536001436, 1.675145796638854, 1.715427115982306, 1.6609211965655604, 1.6410150033362367, 1.708703230353112, 1.6126206817356408, 1.6622915462399206, 1.545199601785511, 1.7139602971415149, 1.5745603297407746, 1.7375311090591106, 1.6749267787375348, 1.6709655282345224, 1.741808736577947, 1.7642745952656929, 1.8112321844760408, 1.716744361828405, 1.7111172363267724, 1.8257452457720507, 1.8551021410641095, 1.7228801553765087, 1.603657344765697, 1.7727025872003948, 1.6736086095478517, 1.6103962450585467, 1.7083759783430303, 1.733933722930597, 1.7051023699290364, 1.8103011364632464, 1.6648442779026977, 1.5976001294792121, 1.648427427026397, 1.7618665244985134, 1.6555010486156383, 1.7283598065164918, 1.7371542312151997, 1.8078217869954751, 1.7181608440182734, 1.7248039871242875, 1.7242757083042293, 1.7669025936447982, 1.6224051489897653, 1.7158033881627075, 1.6904080856776407, 1.735952781024554, 1.7249124891369054, 1.7118236621220906, 1.6539688087101523, 1.8001461775167613, 1.7882616619269054, 1.6229598099458302, 1.7189352215393214, 1.6953902864921178, 1.8081125020980835, 1.658300722110356, 1.7648964758883132, 1.6612140257307824, 1.6379623994336907, 1.672465943486978, 1.6710439918311775, 1.635960856333692, 1.7394553319359503, 1.804330366511717, 1.6327175533940606, 1.7218487408566983, 1.8227915370717962, 1.6710376483751528, 1.6540589900092875, 1.672198439743502, 1.734043410483827, 1.5893410323782171, 1.7278048143530569, 1.700777274074284, 1.6947334510214784],