{"train_losses": [0.0036734166197724917, 0.0017309791596310479, 0.0012217789256840548, 0.0009409747202270499, 0.0007404679615525856, 0.0006278937318027399, 0.0005500197459918864, 0.0004890422980113935, 0.0004491860699584698, 0.0004242286229633928, 0.0004033190662805316, 0.0003868564601042139, 0.0003639810959177169, 0.00035290397088448604, 0.00034518089512538885, 0.0003255926566137635, 0.00032128807606140856, 0.00031268854838590617, 0.00030516169541625244, 0.00029630216820047695, 0.00029220010121711314, 0.00028823067920293033, 0.00027728246427303967, 0.0002741299987441205, 0.00026710460672597263, 0.0002659051556978279, 0.0002577602915144876, 0.00025349373062978387, 0.000247467352831254, 0.00024829029289194504, 0.00024086009337944022, 0.00023928771529960265, 0.0002421450738056831, 0.00023238355804721707, 0.00022989422267675192, 0.000229271966818703, 0.0002277378905900948, 0.00022733995032820503, 0.00021922141611910263, 0.0002225069784469286, 0.00021877857667333038, 0.0002154141103980454, 0.0002151137380767832, 0.00021459703222154322, 0.00021489029779149936, 0.00021069840868164164, 0.00020879798043939334, 0.00020798375386646146, 0.00020959348169933667, 0.00020640066673512886], "val_losses": [21.6576912279423, 25.635147320576337, 18.935883683419746, 12.024825452624455, 8.09548891828112, 6.959708351026411, 5.258046410006026, 5.6486503293008905, 2.7135418826147264, 3.2462886923357197, 2.077591247856617, 2.031727015162292, 1.7802155707517395, 1.6168011603795964, 0.9371764052497304, 0.9795018561670313, 0.7984741210694546, 0.8632388339094493, 0.6118531818785097, 0.44120324177100606, 0.38883397703909356, 0.19706263846677283, 0.2566499869075968, 0.17920007811778266, 0.16866826663279663, 0.19745843256418796, 0.31017180786913506, 0.17387910641567864, 0.16676704954234478, 0.42934123483364994, 0.21696636976431247, 0.24600048643010466, 0.1435291667792784, 0.21771466116947324, 0.33408926751302637, 0.20793992274076395, 0.20628799452729848, 0.08685092027602798, 0.13854878989817657, 0.16494380062365013, 0.11527062483668409, 0.17373917911849593, 0.23875125150763146, 0.3001697542996186, 0.25681031022281586, 0.18542192109819988, 0.2072344972772281, 0.3108529370683043, 0.24923764953956656, 0.21895011517462198], "train_accs": [2.2229801214534013, 1.4211598548683158, 1.1682478502664158, 1.0151868674372375, 0.9039123968470152, 0.8377033164924305, 0.7837565909776077, 0.7430750905886792, 0.7100391357291406, 0.6931197061699258, 0.6751698157232932, 0.6596814568822337, 0.6424829336078124, 0.6333531720438331, 0.6242446667963244, 0.6126407496886757, 0.6072260404733821, 0.6006369357415046, 0.5920688074102648, 0.5859885948080978, 0.5835158427051446, 0.5790240357205909, 0.568866586059092, 0.5672502774043086, 0.5617949691176263, 0.5612235246018705, 0.5521643303602947, 0.5519657897247393, 0.546406700029458, 0.545021435006197, 0.5425173290752344, 0.538236941396559, 0.5426785910422395, 0.5327233873525448, 0.5306605013433728, 0.5269710429590266, 0.5268466338824539, 0.5268787686903564, 0.519477168605369, 0.5216066490084071, 0.5187761156652904, 0.5154293122179475, 0.5142717740789201, 0.5147866166329697, 0.5132041242227672, 0.5113028930259529, 0.5085172105951362, 0.5057213861197044, 0.5076743779900417, 0.5056852632612053], "val_accs": [179.74708523750306, 190.86096261065939, 164.6678959224535, 131.47872234842052, 107.44744581139607, 98.24329950083857, 85.70802252396294, 90.2240094806837, 62.5852564189745, 67.930452612172, 54.497118875254756, 53.65395084878673, 51.051424441130266, 47.97407693033633, 36.72071445299232, 37.69215101159137, 34.20827992066093, 35.055393625342326, 30.023126958764117, 25.438233537259308, 23.96266627104386, 16.993919751955115, 19.76038804261581, 16.388532161712646, 15.902006087095842, 17.201400188777757, 21.917712812838346, 16.468272582344387, 16.03177205790644, 26.135507554593293, 18.451584376459536, 19.66244018388831, 14.941483953724736, 18.553944285019583, 23.118467548619147, 18.16321380864019, 18.134154883674952, 10.646540739225305, 14.553093329719875, 16.1800606686136, 13.063671484200851, 16.638489785401717, 19.592329029414966, 22.077065366247425, 20.459538592462955, 17.214596203099127, 18.248786287722382, 22.445672487175983, 20.185585409661996, 18.85071500280629], "train_acc": 0.5056852632612053, "val_acc": 18.85071500280629, "exp_name": "exp1_lr", "device": "cpu", "batch_size": 16, "x_frames": 5, "y_frames": 1, "input_dim": 6, "hid_dim": 100, "n_layers": 2, "l2": 0.0001, "dropout": 0.3, "use_bn": true, "optim": "Adam", "lr": 0.0001, "epoch": 50, "path": "./model_checkpoint/"}