{"train_losses": [0.10310657985561283, 0.0716053076114849, 0.03821903098282133, 0.02522504337607546, 0.022705235424392085, 0.02155071886830983, 0.02052524035750287, 0.01921990091899238, 0.018771151219435196, 0.01727631338046375, 0.01589032732683452, 0.015531711856643041, 0.014799734070593266, 0.013739784045065654, 0.012536427605540511, 0.01158326306935162, 0.011473272393741612, 0.010308919861707969, 0.009577055955437798, 0.009395847419039049, 0.00839468475731737, 0.008067583749467071, 0.007130506181352977, 0.006655403246511937, 0.006104037250269944, 0.005375465903685475, 0.00488327644271644, 0.0042172842915004765, 0.0038060181654893943, 0.003360510454925953, 0.00299806635808662, 0.0028190823919585647, 0.0023840660349456, 0.0020069468246090905, 0.0018065302935759175, 0.0016027833433146423, 0.0013832011870447058, 0.0012126895522179431, 0.0011726752032855268, 0.0011549386799484921, 0.0010726327972735545, 0.001001485918843805, 0.0009414857829419783, 0.0009211616646143416, 0.0008533011668019908, 0.0008343409923675589, 0.0008503487850196745, 0.0008531340501305865, 0.00080546273806352, 0.0007150964351407672, 0.0006843975560714042, 0.0007501043764932547, 0.0008123044838657411, 0.0007027212105892063, 0.0007301090049461614, 0.000716187750579251, 0.0007245279954102778, 0.0006672864975300387, 0.0006747356744347708, 0.0006892351880615927, 0.0006732694476063476, 0.0006789210273775665, 0.0006717303388005664, 0.0006834261291408548, 0.0006652924526112933, 0.0006462634845652472, 0.0006592623242969684, 0.0006429191105148642, 0.0006621474281631671, 0.0007101791057424415, 0.0006674287923236447, 0.0006496597599821885, 0.0006141542953305716, 0.0006509840800164759, 0.0005863478783007624, 0.0005963904013116646, 0.0005910466079125825, 0.0005583604820297019, 0.0005850929854411288, 0.0005686819693192316, 0.0006489128964271558, 0.000664692511229903, 0.0005978194604844932, 0.000648376909061913, 0.0005958577969312959, 0.0006721163549531062, 0.0005661515380057311, 0.0005819936163111669, 0.0005811528537365862, 0.0005799500296292381, 0.0005967830405981323, 0.0006720209938401963, 0.0005599907817926295, 0.0005323079488250916, 0.0006220389420396966, 0.0005359630908679583, 0.0005335387487959567, 0.0005806997902796634, 0.0005995925767813703, 0.0005627335465386434], "val_losses": [0.22448726991812387, 0.01638303107271592, 0.07238567285239697, 0.18786205798387529, 0.16160092304150264, 0.16359248558680217, 0.16059196641047796, 0.1246400053302447, 0.1517499233285586, 0.1436384578545888, 0.11380129158496857, 0.1122778574625651, 0.10767896001537641, 0.07961784874399504, 0.06853798652688663, 0.06579243714610736, 0.06184466977914174, 0.055954807251691815, 0.06187439436713855, 0.04797478268543879, 0.04203005035718282, 0.04293570220470429, 0.040229636306564016, 0.04008725173771381, 0.025420161336660384, 0.039238266274333, 0.027721171639859675, 0.02773293082912763, 0.021261550672352313, 0.01864119848857323, 0.020022280452152093, 0.021870220762987932, 0.010491009491185347, 0.013487462078531583, 0.007720526276777188, 0.006815473021318515, 0.00790668862561385, 0.007809241736928622, 0.002396080864127725, 0.0013699837824484955, 0.0029056432113672296, 0.002407161643107732, 0.0021292582154273988, 0.0019238465543215473, 0.0007933704686972002, 0.0014709388449167212, 0.0017763166455551983, 0.0006772177701350301, 0.0008637636783532798, 0.001001225970685482, 0.0006132236778891335, 0.0005299907662750532, 0.00035006130153002836, 0.0016702809914325675, 0.0012097364330353837, 0.00042132417050500713, 0.00029010569657354307, 0.0006626106798648835, 0.00012115005035108576, 0.00039875323903591683, 0.0004267830391957735, 0.00027109580114483835, 0.00011558863904307752, 0.00011813015759495707, 0.00020303540610863517, 0.0009374078440790375, 0.0002976796866278164, 0.00025572889474763844, 0.00029986047205359987, 0.00021620109958651786, 0.0004962263764658321, 0.0003105438857649763, 0.0001929969167880093, 0.00024286965247786915, 0.00018597997210842248, 0.0002649710596112224, 0.00023751667322358117, 0.00029238392695939787, 0.00041410542423060784, 0.0002954341248065854, 0.00011564944919276362, 0.0004413330772270759, 0.0004079308574243138, 0.00017992678622249513, 0.00011069762986153364, 0.0006007973027105133, 0.0001338182303394812, 0.0003601035850200181, 0.00010011344238591846, 0.00012949077402784798, 0.00028053044031063715, 0.0002310434210812673, 0.00012041663261091647, 0.00010867381546025475, 0.0002076426666462794, 0.0002345350425457582, 0.00016031369935565938, 0.0003689727008653184, 0.00011757375529365769, 0.00024296076201911395], "train_accs": [28.716954549153645, 24.63006495076714, 17.383664631674474, 13.423560976136661, 12.638908328739463, 12.405702152996199, 12.076080207283615, 11.663509351987365, 11.587349846007976, 10.944305756413344, 10.59580237983812, 10.451721992898495, 10.241532383235635, 9.87169515325668, 9.451232536464719, 8.99542535788624, 9.007412437006092, 8.601506796288998, 8.27174801522113, 8.163484187836342, 7.650342487274332, 7.587972612245708, 7.083914038137341, 6.867272306841316, 6.580936990731152, 6.184016316495043, 5.831396586506079, 5.46380840717478, 5.176009759835318, 4.812926745583825, 4.587657963975947, 4.35992786901217, 4.031324048414298, 3.720722683778046, 3.522842361149213, 3.350772908393373, 3.076828074793444, 2.8964263073941496, 2.886191853817473, 2.848602956068431, 2.7292203133833324, 2.6206627412045256, 2.564200070310146, 2.5545474561393684, 2.443432313753358, 2.411323956563963, 2.463014708343127, 2.445302867297585, 2.3748922650272966, 2.2605542633550386, 2.190157122857182, 2.2542821934037174, 2.3463404874006906, 2.2246857678636593, 2.260407051507463, 2.2426536288244505, 2.230234088838523, 2.1649877006280507, 2.1610312903603766, 2.183154119456068, 2.1548540433670613, 2.158940575435652, 2.157235487978509, 2.1767080777080348, 2.1366261051478963, 2.123857423557457, 2.143115426843048, 2.120535154926016, 2.135028272233111, 2.214376580630634, 2.116534170740885, 2.1305951349278716, 2.067138168617343, 2.123075699552577, 2.0094102583032973, 2.0178353458854326, 2.032936456355643, 1.9694747303394562, 2.02168049436089, 1.9639484871786537, 2.0723835642033435, 2.1263430414470377, 2.028110420661615, 2.0888300214676145, 2.0077373100087996, 2.1110767100719694, 1.983716830294183, 2.009686531327295, 2.007839465817661, 1.996552085622828, 2.000156945793341, 2.1207035553793534, 1.9449686860361843, 1.8995320268556581, 2.0677209166770285, 1.916655864064575, 1.9086022899083213, 1.971736232439677, 2.0020946264266968, 1.9689124490775116],