{"train_losses": [0.0007097301785900185, 0.0005108359259696605, 0.000432345140821871, 0.00039766594835273023, 0.00044468567138861826, 0.0004518300599253659, 0.000413155926046829, 0.0004640704047613726, 0.00048722588183002874, 0.0004856255112156224, 0.0004727246654485162, 0.00046857508097144493, 0.0004658950333803866, 0.00044432277348839327, 0.0004765356241361897, 0.0005298365552380024, 0.00045252891218393765, 0.00047325019607580916, 0.0004723830749902045, 0.0004800954038663875, 0.00044202407260732115, 0.00044892170302747794, 0.00047520325748621014, 0.00045672783694208967, 0.00045026826382585155, 0.00041775538648570744, 0.0004507941627597968, 0.0005494314035212296, 0.0004964809312767114, 0.00047074642408386755, 0.00047398867877262166, 0.0004338828299773761, 0.0004575126652828961, 0.0004983161092215261, 0.0004411356055778608, 0.0004858701843381855, 0.00046603635225392603, 0.00043596952505688786, 0.0005172824836232871, 0.00042819386741958874, 0.0004997903324176718, 0.0004718216919172846, 0.0004301566392275569, 0.00046554581993740426, 0.00048306456537442925, 0.0004015308433271786, 0.0005099529586675625, 0.0004224777495689155, 0.000430244778771926, 0.00044722050499189185, 0.00042374656158057704, 0.0004376158251021312, 0.0004551929477531032, 0.0004978422714994456, 0.0004029221974297985, 0.0004250969222607153, 0.0005089907466986295, 0.0003843700051220367, 0.00048119522818898395, 0.0004478473030680919, 0.0004504498749982123, 0.0004696366515985677, 0.0003951477082029269, 0.00048433728863902934, 0.00042944910008837394, 0.0004895511779423096, 0.00042972963738646555, 0.0004319418283248137, 0.0003738130409785415, 0.0005105122398175976, 0.0004896563461688405, 0.0004776652640172244, 0.0004720308665231164, 0.0004983765979596547, 0.0005624870091131995, 0.0004145467843974326, 0.0003956423189388035, 0.0004224284552140921, 0.00047479661967011306, 0.000407180878879599, 0.00047881024886706615, 0.00043868655141245685, 0.0004621517119301914, 0.0004358192427711956, 0.00046728972062628083, 0.0004329593520332252, 0.0004975804097591099, 0.0005076229243329974, 0.000490049377453975, 0.000472395071186619, 0.00043185850302616534, 0.0004623911092933003, 0.00043676010181702976, 0.000425583784146885, 0.0005570701206053842, 0.0004501691358568001, 0.00045851760742862224, 0.000467656054674893, 0.0004331507275600551, 0.0004182943041654756], "val_losses": [0.02722939724723498, 0.004476618068292737, 0.0007758531622433414, 0.0013941404370901485, 0.0008611325562621156, 0.00011672618553954332, 0.0013466564783205588, 0.0006868270206420372, 0.00024356105811117838, 0.0029945468064397573, 0.010487067637344201, 0.0001684899332758505, 0.001014332950580865, 0.0005362509817738707, 0.0008781400140530119, 0.0003486806306076081, 0.0011129648618710538, 0.0003663381105676914, 0.001155821164138615, 0.02239206259449323, 0.006752771573762099, 0.0001463042906834744, 0.00011360209888759225, 0.0007544074828426043, 0.002981173510973652, 0.008050694844375055, 0.00047689033866239093, 0.012234352591137091, 0.0048514357457558315, 0.0005198706863059972, 0.00044015580594229203, 0.0006926845448712508, 0.0008862330403644591, 0.008417057680586974, 0.0022769637716313204, 0.010163857601583004, 0.0012836091336794198, 0.0010484234856752057, 0.0047482925467193125, 0.00012752164038829506, 0.0015883055437977114, 0.0016703999135643244, 0.001237833321404954, 0.00032037003087073874, 0.0023191574262455108, 0.00023729953779062877, 0.002497301809489727, 0.0012477931411315998, 0.008141356923927864, 0.003980200473840038, 0.0004815382776238645, 0.0013732698940051098, 0.0007347024666766326, 0.0064224121160805225, 0.003906540308768551, 0.00016535563190700486, 0.0026506707460309067, 0.00025472278308977063, 0.00013697029426111839, 0.0003569840919226408, 0.011995698884129524, 0.00021798181648288544, 0.0013087740362000963, 0.006241307562837998, 0.005923195695504546, 0.015400947754581768, 0.0009958346122099708, 0.005677263345569372, 0.0033296800839404265, 0.0008983515202999115, 0.000980326218996197, 0.001937826470627139, 0.014394985449810823, 0.008803603580842416, 0.008244471872846286, 0.0001719021260214504, 0.0006122439013173183, 0.0008188860141672194, 0.06792675157388052, 0.00024812171638283567, 0.0001640766820249458, 0.012996898839871089, 0.00030374562532718604, 0.00681751137599349, 0.00011719853609974962, 0.00023061155467682208, 0.0007857018169791748, 0.001888277824036777, 0.00018998172308783978, 0.013243521749973296, 0.004728435538709164, 0.0008915634631800154, 0.0007938436426532765, 0.006198047567158938, 0.0025564809407417973, 0.03704524959127108, 0.0003998810139213068, 0.0002037847957884272, 0.0013224420642169814, 0.012579492541650932], "train_accs": [2.1528718816050403, 1.9165800104961328, 1.7503845049134383, 1.6703827500554687, 1.7819465766561793, 1.8079734038799367, 1.7011397326668949, 1.8155020304182743, 1.861893448952242, 1.8265625568146402, 1.8370559974342373, 1.8233450204133987, 1.823400745155118, 1.7697850130762613, 1.8470772349453988, 1.9611015483631309, 1.7799945763239624, 1.8010899446746136, 1.8380217480321301, 1.8216818765545568, 1.7643680017679295, 1.782983699905957, 1.8425027088704684, 1.799323635743865, 1.7966164113781977, 1.7367731456426865, 1.7660874176955392, 1.987232674732276, 1.8583650516068682, 1.8357468179777159, 1.8523033741095387, 1.7882260199345597, 1.7989363296234862, 1.8922268946965535, 1.7830797581807942, 1.8842498830235597, 1.8154527874703104, 1.7717473098994991, 1.9071062596131725, 1.7578598355993311, 1.8753997475331556, 1.8330418915613322, 1.7712442936204005, 1.8322111690509404, 1.8350187909941302, 1.7044957146999684, 1.9436547796354227, 1.7212930165284068, 1.754187136043048, 1.7821696557051747, 1.721656326706528, 1.782563846796117, 1.7822782805202702, 1.8948069051013772, 1.7097096783472292, 1.7199777543333405, 1.9002466940499367, 1.640310566476051, 1.8598903842428898, 1.753827821489767, 1.7998229992305133, 1.822006697561724, 1.6942660411198933, 1.8664458941483328, 1.7633948932725487, 1.8616774705707604, 1.752067488875795, 1.746763654845826, 1.623276651751065, 1.8801052946570918, 1.8573109727379278, 1.8657487034797668, 1.853970745565198, 1.8601812462434701, 2.012407070356058, 1.7174472121904927, 1.692694494487546, 1.716487097401991, 1.815696176273603, 1.704032413291593, 1.8474587360595136, 1.7820855552423085, 1.8064038987066728, 1.7423634573500206, 1.816577969924778, 1.7510600853050855, 1.8433025350384677, 1.9037492869170844, 1.8532424372561433, 1.8368900944577886, 1.7735831680450034, 1.8144244792613577, 1.7699230934711212, 1.746223711481331, 2.020504907301977, 1.7908455083767574, 1.7965347450887057, 1.8261021420042565, 1.7681446781395176, 1.7435296890160716],