{"train_losses": [0.003937291124810858, 0.0019988019608998316, 0.0014544865133796318, 0.0012414206872936886, 0.0011074251607402627, 0.000963329302232407, 0.0008462734580818693, 0.0007400378964844867, 0.0006440603677885038, 0.0005738724810454163, 0.0005129619330156281, 0.00046191602587391324, 0.00042549081595404207, 0.00039379234116262686, 0.00037844484681756396, 0.00035874874654903444, 0.0003462563183793891, 0.00032611155164755855, 0.000318001150376756, 0.00031371108229413927, 0.0003027171013401569, 0.0002996305007466481, 0.00029488668608921887, 0.00029053088313163054, 0.000281453412558073, 0.0002771511002067662, 0.0002797130481711709, 0.0002640264146048994, 0.0002694120343833307, 0.0002600047191522961, 0.0002553004797685735, 0.00025205066726093794, 0.0002557658829697138, 0.0002485979096113938, 0.00024870389979430685, 0.0002443218318225138, 0.0002460938302823308, 0.00024157374144059617, 0.0002445584126221514, 0.0002395017360678312, 0.00024111891093623857, 0.00024060020494236188, 0.00023129496083280202, 0.0002361196219667523, 0.00022950854189880926, 0.00023279605930603075, 0.00023278256855624593, 0.00022945278235402244, 0.00022736533595402427, 0.00023116466597682055], "val_losses": [18.003727910886315, 40.39972268266037, 34.35482301284438, 27.492134397574095, 29.963271276264088, 22.476508844660028, 17.996096287926903, 13.076961480275445, 10.444005369362623, 8.030315285661946, 9.179147471034009, 5.240357785526177, 3.8348528252347656, 3.2905418630365446, 2.378414508473614, 1.9966986066459314, 1.7060490462767042, 1.568686900806168, 1.5700412542761668, 0.9070518119017715, 1.3817161102333795, 0.7003755246613013, 0.6157918287279165, 0.6215681358847929, 0.6039371004287639, 0.46690631739633237, 0.6557498473431105, 0.5954368146703295, 0.5036513217360429, 0.39205346623759557, 0.3500096922132956, 0.4869758084902297, 0.48182751452145367, 0.3019485874303981, 0.3063943892717361, 0.39343558804172535, 0.4510092468365379, 0.36140579523356714, 0.35074816278951326, 0.3443572462435164, 0.5117086709436515, 0.1985465877972867, 0.33991996087538806, 0.20879931601331286, 0.5460778461931193, 0.5921876583653299, 0.3645878374495584, 0.5830622881974863, 0.28972771655687174, 0.40763178493665614], "train_accs": [2.2077782969412185, 1.5687900506758377, 1.341618293233465, 1.2367113779228354, 1.1606479951609296, 1.0798004888771249, 1.0045280127291052, 0.9349018696100719, 0.8705975602108359, 0.8236809948146065, 0.7794119882916859, 0.7413721756529171, 0.714558605029895, 0.6862609732307554, 0.6729811832214099, 0.6538136514174337, 0.6431470228372514, 0.6275445642258242, 0.619126341051088, 0.6138933593794634, 0.6029584757456684, 0.5971297236000871, 0.591103010662831, 0.5896060664034758, 0.5818540985656966, 0.5752843302773601, 0.5755930098624918, 0.565026527759333, 0.5658654042241534, 0.5571922506658973, 0.5544185232479963, 0.5504539640764724, 0.5516618937089857, 0.5479719333076114, 0.5460346651501395, 0.5434829433026934, 0.5417969203358836, 0.54020171318959, 0.5385880253366473, 0.5360637184802075, 0.5372714336218343, 0.5350533354943812, 0.5320992480996604, 0.5350478206080737, 0.5295349445599512, 0.5306807949223896, 0.5306076278882429, 0.5257322203072892, 0.5246575007848646, 0.5265943996838622], "val_accs": [170.40962188554846, 237.95480152627695, 216.4849535734757, 192.15085460414056, 202.27656946596892, 173.78855563454007, 155.7145893594493, 131.6716368633768, 117.06234416132388, 103.79458941584048, 110.95959318409795, 82.88566873799199, 71.07605945753015, 66.42935435668282, 57.018288546023165, 52.61873362168022, 48.537637279344644, 46.69979141069495, 46.989901053387186, 36.30131165877633, 44.41085402447244, 32.2486468107804, 30.26732304199882, 30.69076807187951, 30.190940798883855, 26.665125129533852, 30.98150992600814, 29.90580995393836, 27.52188257963761, 24.533621298748514, 23.382523271311886, 27.172710526507835, 27.052984938414202, 21.898694643766984, 21.776231367691704, 24.206823829982593, 26.09295762932819, 23.395115732110064, 22.895712578814962, 22.837079500115436, 27.391458996482516, 17.456255552043086, 22.532208699765413, 17.750317109149435, 28.407508306917936, 29.07507791933806, 23.387946058356242, 29.09495612434719, 20.537303503699924, 24.608176687489387], "train_acc": 0.5265943996838622, "val_acc": 24.608176687489387, "exp_name": "exp1_lr", "device": "cpu", "batch_size": 16, "x_frames": 5, "y_frames": 1, "input_dim": 6, "hid_dim": 100, "n_layers": 1, "l2": 0.0001, "dropout": 0.3, "use_bn": true, "optim": "Adam", "lr": 0.0001, "epoch": 50, "path": "./model_checkpoint/"}