{"train_losses": [0.005699287725163373, 0.0009657413711014256, 0.0007449824562875665, 0.0006598909843216835, 0.0005583122595885631, 0.0005340439316143525, 0.00048088831927927447, 0.0004770780194140822, 0.0004218422608773706, 0.00047201606154905016, 0.0004342831533459174, 0.0004666405495931972, 0.00048545993130645013, 0.0004104034558119391, 0.000449225339607502, 0.0004544144897066975, 0.000467726482358222, 0.0004176947967291637, 0.000411316448062667, 0.000494849982624791, 0.0004526193471961793, 0.00041045928406700447, 0.00046857420672127544, 0.0004888155890318771, 0.00044354454871125274, 0.000469322539813336, 0.00047679530667561743, 0.000492138100590566, 0.00046936627187917226, 0.0004220389427059059, 0.0004559916805908173, 0.00046590734936416867, 0.00042257421065438933, 0.000535241091775717, 0.0004324706161622489, 0.0004683541321600845, 0.0005038265880625175, 0.0004561674082677536, 0.00046632176789453876, 0.0004335669718204101, 0.0004883893417811239, 0.00046902487507227854, 0.00048391866371501444, 0.000495677181782328, 0.0004052000041923722, 0.00042274668380451523, 0.0004923250601529507, 0.0004694290358827805, 0.0003878815547094172, 0.00045024509110705966, 0.0004307598400444489, 0.000448102817954479, 0.0004897707857456593, 0.00045242605560912475, 0.00044048423664440014, 0.00043317316209811533, 0.000479688064945981, 0.00047465061568619985, 0.0004980546665969899, 0.00048777540042523314, 0.000459313079411765, 0.0004864434766669218, 0.0005600262722819412, 0.00045154133727816337, 0.0004996799340160772, 0.00044618603264975296, 0.0004451560734396351, 0.0004646024608260916, 0.00047139152606345667, 0.00044489393114276003, 0.00044172302722285465, 0.0004973335825338224, 0.000402586435426356, 0.0004988803486528613, 0.0004990334810627375, 0.00044032255891257035, 0.0004971543872180512, 0.0004459894308825527, 0.0005056466796704368, 0.00039779870797163134, 0.0005177339998555637, 0.000441167473336915, 0.0004894044533031762, 0.000468767981624135, 0.0005206272226197072, 0.0004737146292872568, 0.0004299130970584303, 0.0004740364544777033, 0.0004386955523009516, 0.00043619238828364196, 0.00048071735117517176, 0.0004550966377727562, 0.00047364054724131547, 0.00044982770837864885, 0.0004948724391197303, 0.0004842216030415684, 0.00042709147632233503, 0.0004354476933122954, 0.0005051832204826625, 0.0004044301897126988], "val_losses": [0.0004214826893682281, 0.0035018372349441052, 0.0011388621021372577, 0.00010669988332665526, 0.0017003459429057936, 0.0003807083092397079, 0.00028593121387530116, 0.0005920782995720704, 0.0005148648847049723, 7.517735302826622e-05, 0.0006431333235620211, 0.00010288006281674218, 0.00341804934044679, 0.00015120078630085723, 0.002090117040400704, 0.00039157386830387014, 0.0005763143805476526, 0.0014524603495374322, 0.000353745303194349, 0.0015845886198803782, 0.000516013513940076, 0.0013293457721980908, 0.0005445078131742775, 0.001634854245154808, 7.260734958739098e-05, 0.0014409431139938533, 0.002784338678854207, 6.972866176511162e-05, 8.580579305998981e-05, 0.00041221509551784646, 0.0006868625176139175, 0.0005242725426796823, 0.0011292568873614074, 0.0014350892355044682, 0.0007036638368541995, 0.0019459793344140052, 0.0005660017176220814, 0.001286815902373443, 0.0003011040826095268, 0.004998280263195435, 0.0008346963052948316, 0.002171570497254531, 0.00011125477067253087, 0.006712744291871786, 0.0008504772481198112, 0.0025051324085022014, 0.00020786169819378604, 0.003256870619952679, 0.0003034653986105695, 0.00012898454539633046, 0.00015527452196693048, 0.002678881585597992, 0.0011812259016248086, 8.85145881814727e-05, 0.00013247187453089282, 6.9237169373082e-05, 0.0027894811937585473, 0.0009893899279025695, 0.0023634095986684164, 0.0006361655735721191, 0.0006858341085414092, 0.001385869854129851, 0.00277207229907314, 0.0012366043714185555, 0.0004453535890206695, 0.00017327992366820885, 0.00014607346020056866, 0.0004224254584793622, 0.0006309896203068395, 6.784376225065595e-05, 0.0034316725408037505, 9.860406256242034e-05, 0.0006912770001993825, 0.0003909885592292994, 0.0005093173686570178, 0.0031505899814267954, 0.0004427074978593737, 8.206312316663874e-05, 0.0018167956615798176, 0.0018930174332732956, 0.0020808700239285825, 0.0009196654815847675, 0.004222484289978941, 0.00011619548943902676, 0.0010096076449068883, 0.00011675507194013335, 0.00030938452279466824, 0.0005033681130347153, 0.0008432853384874762, 0.0025877951256309947, 6.505854435090441e-05, 0.006007449422031641, 0.001651691144797951, 0.00048095430829562245, 0.003443670893708865, 7.592441913099417e-05, 0.0009452042984776198, 0.0007352478239530077, 0.002364125770206253, 0.0003019917964896498], "train_accs": [5.8084233635706255, 2.5996359413397228, 2.2953644855648068, 2.155900356194652, 1.9596367831348527, 1.9258232357654166, 1.7988132160183385, 1.8021417913284707, 1.698020393755419, 1.7689726199452758, 1.7287686458716156, 1.7527125901575629, 1.7896087837557422, 1.6474058875378141, 1.7235936917734485, 1.7605154685517574, 1.7687284719225362, 1.6550053513430534, 1.6641983381399872, 1.7717315403493583, 1.713325429892709, 1.6725808328136484, 1.7568344167361023, 1.8083172499710787, 1.7310721913339397, 1.7960019950748336, 1.7683402998438964, 1.8272604191979618, 1.749827003859459, 1.659412682373473, 1.7794665785123271, 1.751900259484636, 1.716856341624091, 1.8900844742220344, 1.7135347921586206, 1.7787176216325016, 1.8207453507269529, 1.7713678286853412, 1.7892802511969357, 1.699793481869055, 1.8001402540409819, 1.7448448844201176, 1.7968176937272362, 1.7895372998207173, 1.6445066411021754, 1.6746702034634056, 1.8042054558899385, 1.7875424162715885, 1.639207973336497, 1.739175484535542, 1.6869349282049964, 1.7443685225138428, 1.7913739133811166, 1.7596153503825478, 1.7413232656235391, 1.693244791305657, 1.7684310500292069, 1.7825926584554903, 1.8392735427998481, 1.8314245812436367, 1.7529375542562904, 1.804018201768821, 1.8961446084452014, 1.7398303829609079, 1.787888972471792, 1.7203278473928465, 1.7194896052915154, 1.7680683018679315, 1.7985730208192312, 1.718454918434434, 1.7204212362461901, 1.8012004235746166, 1.6644340249452185, 1.8194695753408663, 1.819166213274002, 1.7087348674206024, 1.8179066694797354, 1.7398406664530437, 1.8323190047385844, 1.640172431866328, 1.8403240547957995, 1.6831002629606435, 1.8043200910514128, 1.7242926703699937, 1.876062513877314, 1.7644142914325633, 1.6897292156168755, 1.7783264739716307, 1.7254995299991986, 1.7059959486021217, 1.7516050326063277, 1.732219288746516, 1.7896902580210503, 1.7276082015629355, 1.8151220068441216, 1.7812458870681465, 1.6931847096123593, 1.7018535352767783, 1.8681953843181014, 1.6266694749500734],