{"train_losses": [0.006140354484748071, 0.0041828910215871784, 0.003092417430337698, 0.0026171043687326003, 0.0024690369876694883, 0.0023957183720518193, 0.002337190101947251, 0.0022489884692266766, 0.0022569063420366845, 0.002195863977211649, 0.0021337998311635607, 0.0020969643675224814, 0.002081565503691984, 0.0020540310348802606, 0.002009986107404075, 0.002001548353075861, 0.0019394385679971855, 0.0019343390260325901, 0.001857040476508742, 0.0018238158473937386, 0.0017927402166857975, 0.0017886877356666777, 0.0017320204249064765, 0.0017038115148839046, 0.0016988060896616028, 0.0016616120825513438, 0.0016516215850052214, 0.001610890904238686, 0.0016361636281340855, 0.0015663892701483116, 0.0015161668716376117, 0.0015097402230197078, 0.0014915880386934866, 0.0014593685078201112, 0.0014584200436916803, 0.001439129405616094, 0.0014319555773298135, 0.001410635321545457, 0.0013864918117548412, 0.0013784700786502806, 0.0013855421135383268, 0.0013518386102290424, 0.0013659152245148807, 0.0013387874800969304, 0.0013536104517309524, 0.0013314765589804733, 0.0013126852961587658, 0.0012980916399984177, 0.0013092264196895823, 0.001295265580759335], "val_losses": [9.549489302609278, 20.097772819091283, 24.235425873542123, 20.9629924191081, 25.356884556701, 21.33509341433806, 20.448885424297465, 19.082106777450637, 19.891498399039975, 20.326056622644966, 20.567887673599888, 17.345241954509653, 17.487928752082844, 17.300255323258106, 17.941917748878833, 15.089025597209515, 15.794419643039937, 14.889603862214996, 17.186094760570835, 16.943794544365094, 16.672186758077665, 19.730091012204472, 17.590680895162667, 17.88509758989448, 18.378363593181838, 18.88165905015624, 20.09787850878809, 19.85417981011712, 21.513635949855267, 25.565298850121707, 23.64444698503484, 24.37890417465697, 23.91576433900906, 28.723150528837806, 30.0605972773355, 31.03537864918294, 33.70459505824939, 31.013516408464184, 34.081740520052286, 31.279632267355918, 33.73465362450351, 32.08859810777332, 34.3151871100716, 33.14428368897542, 33.995424731918, 32.34765739402045, 34.94631315573402, 34.91350592063821, 35.374283021429314, 32.03198242641014], "train_accs": [3.212275442911477, 2.512790364080039, 2.0151516658883133, 1.7943435599974584, 1.7167956756363982, 1.688931505844685, 1.6638234038011648, 1.6367813683828525, 1.6330976100353707, 1.6167822728920467, 1.6006559145496033, 1.5855626610415006, 1.5815281981535252, 1.5719674293594006, 1.5529946970666986, 1.5499022922693597, 1.5227554774092498, 1.519971148652679, 1.4852310402370115, 1.4660643910563935, 1.454440933660348, 1.4460109064206386, 1.4331595886970465, 1.4181373480768944, 1.4133919238539279, 1.3980183506961195, 1.3831317258482008, 1.3741604458144638, 1.3775871599265854, 1.349820604070876, 1.3213083763538604, 1.3070164624688383, 1.302945289832462, 1.2809945484482095, 1.2721577301766598, 1.2622680988038106, 1.2656035544204793, 1.254441447300408, 1.2397591371598864, 1.2328952150469057, 1.236371812755806, 1.2197775595145728, 1.223842835002206, 1.2149275484604132, 1.2210829951307725, 1.211688388610785, 1.200054973742559, 1.1971174585142665, 1.198266463027774, 1.1954385485451184], "val_accs": [129.13135734226393, 180.33990436636884, 194.40823474966962, 178.18589845740277, 194.16889225918314, 178.29687806005063, 175.01857927571172, 169.42856983516526, 173.30178847105606, 175.45708742141724, 174.661199092865, 161.7901959294858, 162.88639431829037, 161.47799393197764, 163.94505553867506, 150.94282133682916, 154.5095805624257, 149.10753259244171, 160.16802423725957, 157.44055084560227, 156.6437373949134, 169.7310582699983, 161.26255901170813, 161.01668140577235, 162.53927441472592, 164.82466098951258, 170.1442773072616, 169.5986031242039, 174.36662323993184, 189.7565279421599, 181.70303195455799, 183.4278709411621, 183.3925721541695, 199.81174041084623, 202.8321366849153, 206.6350788945737, 215.15754314920176, 205.25305062998896, 216.04947682256284, 206.22352105845576, 215.0679201706596, 207.9885473334271, 215.4170818163001, 212.71214526632556, 214.82721557617188, 209.62662200927736, 218.2395685610564, 217.1700977159583, 219.37907615329908, 208.76810216489045], "train_acc": 1.1954385485451184, "val_acc": 208.76810216489045, "exp_name": "exp1_lr", "device": "cpu", "batch_size": 16, "x_frames": 5, "y_frames": 1, "input_dim": 6, "hid_dim": 10, "n_layers": 1, "l2": 0.0001, "dropout": 0.3, "use_bn": true, "optim": "Adam", "lr": 0.0001, "epoch": 50, "path": "./model_checkpoint/"}