{"train_losses": [0.04698374081429438, 0.023839683699626343, 0.017977998821487557, 0.01597973706154483, 0.015601868707363012, 0.01511615281594349, 0.01359866158739525, 0.01321922929904668, 0.011903488927633099, 0.012023440463111755, 0.010400851001609646, 0.00972952012960132, 0.009256992248425274, 0.008533809530129326, 0.008225779434672642, 0.007332240776670766, 0.006569275982985075, 0.00653191614220685, 0.005960596289612842, 0.005664439812048292, 0.0056366713169354495, 0.004928995193401682, 0.004758011976567407, 0.004555981705941141, 0.004378144448484353, 0.004059986400844014, 0.0035426904204225577, 0.0035864449533838647, 0.003620304683296023, 0.003178972449543364, 0.003083165892084453, 0.0030218444038876036, 0.0027843572070131886, 0.002573774232742119, 0.002504192836374599, 0.0024581425728322608, 0.0021665058014518086, 0.002188769073687091, 0.0021502415377957127, 0.0021372196295113693, 0.0021037879536805197, 0.001961842168152253, 0.0019057004194226155, 0.0016941083733451466, 0.0017265677374683598, 0.001617794516058771, 0.0016803615810126662, 0.0016338971731622855, 0.0015708628961616626, 0.001403337515641255, 0.0014423663155770207, 0.0013729091731629975, 0.0012248367795032113, 0.001342052211194441, 0.0012468039596363314, 0.001271214811416204, 0.0012992913641757167, 0.001067601720972155, 0.0010597673504851124, 0.0011471744229627364, 0.0010212406330099594, 0.0010338033687163157, 0.0010451503155393038, 0.0010666650624372765, 0.0009138918312407654, 0.0009335008456457591, 0.000967235686428802, 0.0009119683962913085, 0.0008567735915656815, 0.000855315921779438, 0.0008629267186018083, 0.0008241036560430591, 0.0008626153003399637, 0.0008552431124068486, 0.0008013592356446873, 0.00077574086991256, 0.0007269919741773277, 0.0007498959356077603, 0.0007517496741076285, 0.0007078063416052015, 0.0007499463347212827, 0.0007242147487931693, 0.0007078085753757916, 0.0007250708159833737, 0.0007024615677837315, 0.0006814031138100104, 0.0007110611014526357, 0.0007091063418285673, 0.0006617934846123994, 0.0006407942506381482, 0.0006963390381876726, 0.0006351843176742748, 0.0006454469691710183, 0.0006236142395364562, 0.0006202959017134569, 0.000593909333435883, 0.0005899347603667432, 0.0006023073351280664, 0.0006210087188181025, 0.0006078608613595423], "val_losses": [0.039395489792029066, 0.016475445901354153, 0.05029273529847463, 0.06926865180333455, 0.07672636558612188, 0.07867821554342906, 0.06295184319218, 0.039904482662677765, 0.06664258440335592, 0.053978181133667626, 0.06238987570007642, 0.0334166298309962, 0.05507711718479792, 0.054760452608267465, 0.02642175815999508, 0.03283429083724817, 0.02286349001030127, 0.021680436531702676, 0.03304166855911414, 0.0352827029923598, 0.026393732304374376, 0.02487407736480236, 0.020456761804719767, 0.017877991870045663, 0.009563827142119407, 0.01569837282101313, 0.015275479294359684, 0.013957656982044379, 0.008827821413675944, 0.006171513674780726, 0.006250727580239376, 0.002763640236419936, 0.0016730644080477457, 0.0021357838297262786, 0.002287546886752049, 0.0016652408327596884, 0.0017457884464723368, 0.0010555044127007326, 0.0012101117288693785, 0.0005100692884298042, 0.00024458664605238784, 0.0009581609396263957, 0.00023044170714759578, 0.00015615790501518254, 0.00016820646233099977, 0.00022244756861861486, 0.000101233021026322, 0.00025759928200083475, 9.1317211263231e-05, 0.0003032133623491973, 0.00011490437949153905, 0.00022441371838795022, 7.18608093544996e-05, 0.00011722467073316996, 7.456571802322287e-05, 6.754504684067797e-05, 6.980455582379363e-05, 6.93048345662343e-05, 0.00011287878830141077, 0.0002789697862075021, 0.00013841152758686803, 9.733841676885883e-05, 0.00010257145137681316, 0.00019942172463440025, 0.00016608115111012013, 0.00011928642973847066, 5.983969992181907e-05, 0.00013269843766465782, 8.257813581925196e-05, 0.00010518586010827372, 0.00011035216981933141, 7.73889342478166e-05, 6.827230111715229e-05, 5.7656574669332863e-05, 0.00030131377182745687, 7.031680300618366e-05, 0.0001676932573900558, 0.0001383123783549915, 0.0002230563317425549, 0.00032648539442258574, 0.0001424036231279994, 0.0006779918660564969, 7.516712200110003e-05, 0.0004982198860185842, 0.00010332846116701451, 0.00019969236891483887, 0.00010697040318821868, 0.0001102694310247898, 0.0001773757578727479, 6.300462252208187e-05, 0.0003783256921451539, 0.0004117956996196881, 0.000250333105699004, 0.0001340378725823636, 0.00028101679442139963, 0.00015106407372513785, 0.00025547852856107057, 4.968413056000524e-05, 0.000697084714192897, 0.00013494791298095758], "train_accs": [16.615435054116215, 12.671424448067414, 11.264028212702867, 10.743303581332484, 10.651500605522319, 10.537290370210687, 10.03827604165314, 9.885590881320601, 9.419116805631218, 9.354780901408365, 8.765277171811313, 8.469650522191474, 8.243939201037088, 7.8914022851497565, 7.724948672538108, 7.30697455981099, 6.958930624292252, 6.851235696609984, 6.566222677839563, 6.330449243809315, 6.363260657229322, 5.964788030225335, 5.84098781592457, 5.727871255671724, 5.600491279405905, 5.363744703590447, 5.074763200807233, 5.040080588760105, 5.057024809485632, 4.782388664306478, 4.646131591171238, 4.589005442375832, 4.399245043172904, 4.328141358727259, 4.218222655725818, 4.142935484013659, 3.917595182750242, 3.922334021710335, 3.8828261625682208, 3.8824625442214047, 3.8258686133310302, 3.7430592115889203, 3.6645290462683278, 3.4523563376555204, 3.474000497489956, 3.350467637498328, 3.4277146357171078, 3.413672419727271, 3.2734228165437145, 3.150037589648091, 3.1907959610012404, 3.0909110404920916, 2.9697402347909643, 3.0234360420112067, 2.928581929375939, 2.996111938293944, 3.008579381391512, 2.7377550479368113, 2.7099431825022324, 2.8380155876173196, 2.65049598572102, 2.707368739107822, 2.7273757094187094, 2.7373892225272267, 2.5335298045307186, 2.5814390427677343, 2.553128499934014, 2.5409348264653633, 2.469492955833462, 2.4682615838997752, 2.470328704262456, 2.406469556456762, 2.465752905987679, 2.427588104356265, 2.3846351973553923, 2.339435692374588, 2.2804567378463476, 2.287940525416787, 2.303452661274173, 2.2448118707389697, 2.3129383249485747, 2.251321611674965, 2.2301919320796397, 2.2433755852229207, 2.2300974274358007, 2.199806204078891, 2.2210111026222825, 2.2519581060037543, 2.151206354722909, 2.130926644125729, 2.196144158324451, 2.1278962015260197, 2.1113982477509383, 2.104998828882867, 2.0789753617124354, 2.050384206763396, 2.055460367008304, 2.05928118178185, 2.104414659823086, 2.079152128586532],