{"train_losses": [0.0055390511725489245, 0.0016529802383144108, 0.0008720882960012289, 0.0006634424316355421, 0.0005524626596125276, 0.0005303230630985217, 0.0004070523921119591, 0.0004288263267584406, 0.00042046733428736493, 0.0004771305909556797, 0.0004386064977146081, 0.00045179624835682325, 0.0004517523746936275, 0.00041967733270199294, 0.00036359122925772784, 0.00043337108492894603, 0.0004171890302925331, 0.0004174382226039649, 0.0003766892409625633, 0.0003567867187491258, 0.0004117353628639294, 0.00036651147372869145, 0.0004328135914326743, 0.0003666933273297676, 0.00037655958473954454, 0.0003405875808221671, 0.000387908642738397, 0.00038584005771089653, 0.00039307231789744617, 0.00035326921101680176, 0.00038681315349327013, 0.00041566418898815135, 0.00036618219105580887, 0.00037726197174604956, 0.0003834189171440993, 0.0003568639514137205, 0.0003425747350607346, 0.0003991483243367864, 0.00036069368091098145, 0.0003966894472028824, 0.0003492712016366645, 0.00034626330413004377, 0.00043608734634786834, 0.0003642904717862814, 0.0003814918993208937, 0.000446246573764456, 0.00040047102047795934, 0.00039542514041515317, 0.0003349504142327578, 0.0003642853454097194, 0.0003929493994466147, 0.0003793142591703209, 0.00038480715753677993, 0.0004005419266458059, 0.00035689020967391707, 0.0003590625739166784, 0.00036206883834493314, 0.0004014289367808597, 0.00040873257435671657, 0.0004156358671231783, 0.0003821154953758641, 0.0003878703878818663, 0.0004277129345293799, 0.0003814694286610581, 0.0004221627054161579, 0.0003743148937111131, 0.0004154044604257116, 0.0003711840274702144, 0.00038827281794975204, 0.00037851849751634084, 0.00039268468825615316, 0.0003939653211381618, 0.00042113573283183303, 0.00040230109446751387, 0.0003514932423123284, 0.00038554146507883307, 0.00040954511843265467, 0.0003910045520666593, 0.0003894966260349652, 0.0003959070772843077, 0.00038044270394951623, 0.0003765655396980314, 0.00036348714133029383, 0.00041270674260395927, 0.0003970490440953125, 0.00039814252165426474, 0.00038775611347186543, 0.00037432443520067844, 0.00032334951916348326, 0.0004040758418044569, 0.00038529470278243685, 0.0003860787058051788, 0.00044112379580850923, 0.0003987894727139864, 0.0003629424553771143, 0.0003953673644094556, 0.0004373704967112115, 0.00042138981672183647, 0.0004374751391465997, 0.00039976585092079157], "val_losses": [0.004087170353159308, 0.0031023621326312424, 0.00012803195119583203, 0.0004182913408537085, 0.00011509323558129836, 0.0004230536995843674, 0.00016323705203831197, 0.00011491491701841975, 0.000292676862833711, 0.0014367903388726214, 0.0003894735961997261, 0.0005600114741052191, 0.001160190886973093, 8.476320860305956e-05, 0.001241985110876461, 0.00011620941489430455, 0.0006506387280145039, 0.0004751553846290335, 0.0001104609815229196, 0.00053679336172839, 0.00041016878094524145, 0.0010273230533736448, 0.00016412589029641823, 0.0018341362864399949, 7.352788828332754e-05, 0.0005060429063936075, 0.0001672099948336836, 0.0005965894049343964, 7.960251581001406e-05, 0.00016182970114944812, 0.0018916485831141471, 0.00033907758576485016, 0.0005032417403223614, 0.0003217239485820755, 0.000528512749588117, 0.00011670697773903763, 0.001694344480832418, 0.00023796191865888734, 7.989591261624204e-05, 0.00025361919736800097, 0.0006175442889798432, 7.522243819645761e-05, 0.00046897282009013, 0.0004071173102905353, 0.00033544580025287967, 0.0005106282129418105, 0.00012903891802125146, 0.00015033454716710062, 0.00021336557371493353, 0.0004539677582215518, 0.00013868435368446323, 0.00034195823148669056, 0.000909937786248823, 0.0006467511353548616, 0.0011189087410457433, 0.00015030407169736766, 0.00027561745349278984, 0.00016893025591950087, 0.00011050901436343944, 0.0010504463435305903, 0.00017681638564681634, 0.00020749450050061569, 0.0004815775149230224, 0.0005338717567307564, 0.0009203462337609381, 0.0007333076432890569, 0.0006984169255398834, 0.0003515715492540039, 0.0009220426960382611, 0.00019125686388482183, 0.0003605042019141062, 0.0011901133616144459, 0.00047470505099530175, 0.0011456972279120237, 0.0012266827941251298, 0.0006225098889747945, 0.000556535561918281, 0.0008743919868720695, 0.000877669989131391, 0.0007279918567898373, 0.001197944890979367, 0.0006349029067981367, 0.0019361316071202358, 0.0012646456908745071, 0.0013966145964028934, 0.0007643793898751028, 0.0006777932731589924, 0.0012982797023141756, 0.0015536256833001971, 0.0008053436351474375, 0.001719007862266153, 0.0008199099233024753, 0.0014405326529716453, 0.0013013853090039144, 0.0011170169231869902, 0.0012745945889037103, 0.0009119784682601069, 0.0005217769937492752, 0.0008818609154938409, 0.0011462094301047424], "train_accs": [6.296387913379263, 3.5700416624123323, 2.5299724511643675, 2.248547986466834, 2.0305965713998106, 1.9717804584520082, 1.7556697476840188, 1.7915236024146384, 1.7690872788851988, 1.8578190892300708, 1.8089238075499838, 1.792585087160692, 1.8112341960271199, 1.7409031139620652, 1.6337405851124027, 1.7811319251009758, 1.7216866124183574, 1.7069994219651459, 1.6320102208472314, 1.6062696802277936, 1.6914591036789806, 1.6098223421590547, 1.7656602185245946, 1.6033123839408794, 1.6089322638849841, 1.5480166422137132, 1.6489979436634281, 1.6530769999991073, 1.6485113793231072, 1.5666058543303334, 1.6406774561033182, 1.6965451019664182, 1.5998163127095988, 1.6073516558670828, 1.6137029809731964, 1.5689520068625187, 1.5463133067526715, 1.6348322276950729, 1.5507445157842432, 1.6480484300471367, 1.5554120550130277, 1.5420938764058105, 1.7250970968752042, 1.6034289620658184, 1.6237736452133098, 1.7621364796415289, 1.663086416345116, 1.6439033272207206, 1.5207560255806496, 1.5953563104073207, 1.6320310235023499, 1.6003539729202894, 1.6363023035492457, 1.654099941253662, 1.5528297609259896, 1.596391204189747, 1.5261887322503624, 1.6345445805407586, 1.6990032754045852, 1.696673791881994, 1.6609860064712823, 1.6485094137436955, 1.7119525212345394, 1.6263531395729551, 1.6854494335592216, 1.6282802359432194, 1.6908895056298439, 1.5792621887744742, 1.6246148824480409, 1.6048561496303437, 1.6579914138460836, 1.655182309607242, 1.6980293437521508, 1.6670888195223843, 1.5686066408529349, 1.637007880295422, 1.705856445621937, 1.6423863184156147, 1.6368625413441489, 1.6449445084477148, 1.6154730541908995, 1.628212458698462, 1.6053830723390512, 1.6647109405157414, 1.6446506810103747, 1.6423240158152073, 1.6557929154406203, 1.6254906639562432, 1.4950342031446755, 1.642754445050625, 1.6700966761890033, 1.6656111659521753, 1.7679607265807213, 1.6872615046957706, 1.5973446935626632, 1.6814407966238387, 1.7672747513081164, 1.7164930976028983, 1.7312517143944477, 1.6835575155543943],