{"train_losses": [0.00423193833314209, 0.001964003015018534, 0.0011386492390504665, 0.0008134628010654421, 0.0006661671301003143, 0.0005843777450475957, 0.0005422243384749426, 0.000502766866719536, 0.0004733086940363274, 0.00045922955619614905, 0.0004375996476894149, 0.0004131122405164173, 0.0004030435459221036, 0.00037455902597625343, 0.00035889997061296195, 0.00034119619239472167, 0.0003270659747232557, 0.00031499022949278807, 0.0003081183992629933, 0.0002957095666928398, 0.0002874041715526209, 0.00028328916800737596, 0.00027354655527146206, 0.0002739083669163609, 0.0002679390834316492, 0.00026867340760767497, 0.0002590702417696866, 0.0002577553675658744, 0.0002576235100544639, 0.0002504085824268932, 0.0002475297266931704, 0.00025357592379915455, 0.0002474883453920354, 0.0002459015465504199, 0.00024051560088913533, 0.0002385404202155393, 0.000238009171818452, 0.00023780333346326313, 0.00023585019605204188, 0.00023096839234481277, 0.000229806923754976, 0.00023276651453405225, 0.00023026164906011153, 0.00022577298556815154, 0.00022982014693434722, 0.00022627926742510183, 0.00022394121570930425, 0.00021991408209727213, 0.0002207856556145311, 0.0002177804288412159], "val_losses": [39.62748256633463, 10.361188943781283, 6.879928181158459, 5.924216652661562, 6.1126174684451975, 3.454723250068238, 2.6215023786153484, 3.18871138299127, 2.311233992161958, 2.9233431675491612, 2.32200705519189, 1.8043970300451568, 1.9815928373647773, 1.8111247112306401, 1.2159314541065174, 0.7680161507557268, 0.871388554961785, 0.6269056187375732, 0.5743074958739074, 0.3919001255022443, 0.6123705008431621, 0.3818278030532858, 0.6825113379760929, 0.4995771465418131, 0.5558016415523446, 0.43183916956186297, 0.38050455016934354, 0.5398046260942584, 0.5169602128474609, 0.5914800706764926, 0.37145259356045207, 0.41180644033719666, 0.49454121252764827, 0.46652298835308653, 0.28033137812238673, 0.495811028778553, 0.433780598624245, 0.20992947282350582, 0.3484699522509523, 0.3568303489733649, 0.3679211849913649, 0.35237836918753124, 0.19108577737503726, 0.4327441911010639, 0.36649426040442096, 0.3627030497011931, 0.3939513349338718, 0.37247162150300067, 0.2511978057172635, 0.4295652330731568], "train_accs": [2.2452792086423528, 1.4932289392702764, 1.1096595796979316, 0.941996477454055, 0.8670564439477481, 0.8148785849841456, 0.7837708545205756, 0.7542905803556818, 0.7269275093169497, 0.7159003459740776, 0.6988203374650811, 0.6791453250531977, 0.6674380798503434, 0.6479451453594877, 0.6333424943375012, 0.619667369880852, 0.6075579698385701, 0.5963596660295113, 0.5883275406712044, 0.577609464812713, 0.5726132102446352, 0.5663255948136288, 0.5592891715432263, 0.5598219579026539, 0.5558774156269508, 0.5525021012179784, 0.5458785566547472, 0.5460716672263778, 0.5444478150319871, 0.5401165528173216, 0.5354946643379168, 0.5375674483761955, 0.5352948500412291, 0.5295153719093374, 0.5289871981440839, 0.5268446672018278, 0.5277424964067644, 0.5261822440206676, 0.5234145086115066, 0.5197357870471119, 0.5193675187307109, 0.5202797438824697, 0.5181809462023105, 0.5154429526260372, 0.5192977927577844, 0.5164945443067345, 0.5121784242266874, 0.5096826781639857, 0.509544615826835, 0.506900735495455], "val_accs": [242.49737540535304, 121.69546850038611, 95.8316836025404, 91.39099539051885, 92.70044565615447, 70.18977583594945, 61.17855138364045, 67.81974667673525, 57.76678816753885, 65.17650033494701, 58.40163322117018, 51.70685620515243, 54.237766406847086, 52.10238438067229, 43.12403984899106, 34.70997948853866, 37.110174195662786, 31.660400672580884, 30.475944850755774, 25.27438377712084, 31.50687715281611, 24.764157585475754, 33.423121410867445, 28.66035209324049, 30.124153916732126, 26.490812318221383, 24.74708263148432, 29.66797505254331, 29.067667438672938, 31.096188122293224, 24.46416776491248, 25.93197189828624, 28.38820619168489, 27.587864179196565, 20.97321540169094, 28.399678188821543, 26.63639450902524, 17.02201036370319, 23.675276980192766, 24.023137171372124, 24.4803570954696, 24.008280115542206, 16.81738991115404, 26.697277641296388, 24.44005296126656, 24.377379351076872, 25.333511501809824, 24.652898970894192, 19.61828964896824, 26.580223722043243], "train_acc": 0.506900735495455, "val_acc": 26.580223722043243, "exp_name": "exp1_lr", "device": "cpu", "batch_size": 16, "x_frames": 5, "y_frames": 1, "input_dim": 6, "hid_dim": 100, "n_layers": 3, "l2": 0.0001, "dropout": 0.3, "use_bn": true, "optim": "Adam", "lr": 0.0001, "epoch": 50, "path": "./model_checkpoint/"}