{"train_losses": [0.007694085952420043, 0.002890178291382006, 0.0020494934218144873, 0.0017336021065443741, 0.001537439301802786, 0.0014100221682563072, 0.0012639209275530933, 0.0011581255352644867, 0.001037031571714952, 0.0009246038427969256, 0.0008480998589373236, 0.0007627471172706065, 0.0006953372768172433, 0.0006275175329358084, 0.0005792482383774796, 0.000536380355534297, 0.0005065565752027358, 0.00048026635034293286, 0.00046191156431525703, 0.0004413329225752254, 0.0004138443980123447, 0.00039744541865913976, 0.000390541328648498, 0.00038248113501673846, 0.00037077304299907286, 0.0003663297913443831, 0.0003542943812880498, 0.00034865285110036057, 0.000341002539966815, 0.00034429791843143407, 0.0003383714445332063, 0.00032638391772866587, 0.000319537589800187, 0.00031695844009136856, 0.0003091405034957283, 0.0003133544927821439, 0.0003101554245061802, 0.0003121300586448795, 0.0003056258270823192, 0.0002989945181600324, 0.00028703989276216183, 0.0003039886250083727, 0.0002884178756068495, 0.00029198547359472754, 0.00028598175585245494, 0.00028565452531911925, 0.0002848104555453064, 0.0002895833019324125, 0.00027743006939152286, 0.00027386844621464046], "val_losses": [17.46196066789005, 27.814368995117103, 37.2615976712626, 35.9522302037024, 32.40684990387248, 33.27197849799109, 29.714858887927686, 25.47724363081481, 24.511188719745565, 20.655794127431253, 20.65207289510771, 16.978470859190693, 13.291210500572038, 12.647132798608231, 11.495063851255438, 8.544464415149845, 7.05050989591881, 7.928747188415297, 5.83222809822663, 4.494697405106348, 3.7489844005554915, 4.18723790211522, 3.270146412904496, 3.2143078490929757, 2.6945441849529743, 2.6489160118705555, 2.5094353859839234, 2.3546413993057995, 1.2181507606302266, 1.6778822699156792, 1.4005023131248258, 1.6061004763550084, 1.4194512685922824, 1.0179736777471946, 1.323831777246264, 0.8734845788805219, 1.49024923644636, 1.3098976393513706, 1.0118363695421622, 0.959766237453922, 1.234992565230831, 0.8540597579563441, 0.6057036014698932, 0.4867020204845492, 0.580369153962997, 0.5363011198563744, 0.7785423282452899, 0.43293457060404444, 0.37133102312117167, 0.3229694056830814], "train_accs": [3.0364772789865064, 1.8798277678503823, 1.5985822952788344, 1.4682572095387065, 1.3900915302497157, 1.324671129814804, 1.2551061099840897, 1.1976374337452036, 1.128417833625942, 1.0562827155076058, 1.0072783853330132, 0.9546488974822471, 0.905235734429212, 0.8623021431163124, 0.8271012555336054, 0.7940546968739601, 0.7725899625157765, 0.7494107115677685, 0.7333997373053807, 0.7161680403678713, 0.6961415315270172, 0.6819619157212309, 0.6729647153088321, 0.6629053994918567, 0.6549670278824068, 0.6465863840401248, 0.6408944377703265, 0.6314919330997014, 0.6263162560202418, 0.6216163381284094, 0.6188632914546384, 0.6097070037233078, 0.6008423840631019, 0.6004853220977605, 0.5942300302075512, 0.5952425969500301, 0.5910678255613554, 0.5900489337385736, 0.5864762204877909, 0.5812556130181223, 0.5743297467187318, 0.5802164911718906, 0.5736509706094476, 0.572864375675901, 0.5677431878776986, 0.5670090821929424, 0.5631734799576331, 0.5646609613548038, 0.5580048864925882, 0.5571665917852581], "val_accs": [173.07309411090353, 202.71467033054518, 231.51209620600162, 226.23233725506327, 213.56475772857667, 217.5191120976987, 203.3803796519404, 186.33437383071237, 182.82265491485595, 166.59433508333953, 165.33792300846267, 147.94087204311205, 128.54672531874283, 125.9551028707753, 121.85835863196331, 104.4206813480543, 95.03011104749596, 101.33258595881254, 86.11684147378672, 75.3086591720581, 68.8869639189347, 72.78079814910889, 63.925070066037385, 63.243266594928244, 58.28648762910262, 57.463868141174316, 55.93072685573412, 53.9821267252383, 39.38447393541751, 45.74824074869571, 40.802307010733564, 44.23407256914222, 40.95699666479359, 35.42029016121574, 39.66484178460163, 32.61720794594806, 41.79704533452573, 38.88734015589175, 34.73018700143565, 34.559827348460324, 38.65597172198088, 32.753048390927525, 26.408773339313008, 24.34029536869215, 26.181735584010248, 25.298457539599873, 31.081815852289616, 23.728271173394244, 22.23685754693073, 20.239975307298742], "train_acc": 0.5571665917852581, "val_acc": 20.239975307298742, "exp_name": "exp1_lr", "device": "cpu", "batch_size": 16, "x_frames": 5, "y_frames": 1, "input_dim": 6, "hid_dim": 50, "n_layers": 1, "l2": 0.0001, "dropout": 0.3, "use_bn": true, "optim": "Adam", "lr": 0.0001, "epoch": 50, "path": "./model_checkpoint/"}