{"train_losses": [0.011508392968717198, 0.004574810507340551, 0.00353427588018255, 0.0030743783247393916, 0.0025404548968221206, 0.0023166336891391045, 0.002133885579112041, 0.002032709183978101, 0.001969515256354928, 0.0018685036001515258, 0.0018398635772194126, 0.0017881024436497747, 0.0017594681970883924, 0.00173988705701627, 0.001727269155908127, 0.001663798927952421, 0.0016419368585667204, 0.0016310117589549322, 0.001617766761279039, 0.0015829319763415212, 0.0015602431831235129, 0.0015528964879042428, 0.0015330762321105762, 0.0015324551229693338, 0.0015054709960441615, 0.0014974013728320439, 0.0014661721835938285, 0.0014614924615060092, 0.0014542542253829678, 0.0014710102355177399, 0.0014178663262453843, 0.00143936644882441, 0.00141456936645893, 0.0014012441219787078, 0.0013945629653803575, 0.001377699110539261, 0.001379977444987797, 0.001352807490341835, 0.0013630331412938666, 0.0013528125947116234, 0.0013416988622412939, 0.001322219943614211, 0.001338097098359274, 0.0013136373496542247, 0.001323723304932138, 0.001293563753109818, 0.0012840890915778176, 0.0012753819315262152, 0.0013043639945751779, 0.001301015785044873], "val_losses": [6.208367805061457, 17.725477681809064, 25.169625673264914, 26.880659028806765, 26.073601607451945, 24.778368009853622, 24.436271576275644, 22.973722280869666, 22.169768149243748, 21.977700390391377, 21.37439915869061, 20.47127825509271, 20.875920666122568, 21.65407995759793, 23.04728122159191, 20.92460836732517, 21.94243334842765, 19.660632115116584, 21.29541293875031, 18.545640501639117, 17.99719563703174, 18.953798923997777, 19.51781927016766, 18.749846578680952, 18.31968236947837, 18.92050489310337, 18.682688734064932, 18.42549738780312, 18.273459822976072, 17.199050893537375, 16.902258759672225, 16.829434330567068, 17.971837439226068, 16.0301285462211, 16.8479754878451, 16.17525763777287, 16.596155054996842, 16.159601437883534, 16.029765760866198, 16.32413562150753, 15.252747508462356, 17.081968406620234, 15.961926759520303, 17.102783656509025, 15.532629961423252, 15.860664750506048, 16.901139931963836, 15.179441152059514, 15.634264002934746, 15.423873770787663], "train_accs": [5.032581031670867, 2.887927760599731, 2.2320782419535528, 2.0033358573661117, 1.7757999803493811, 1.6623526238602433, 1.579269322938507, 1.5315164308586346, 1.514961327869273, 1.4753255384799435, 1.4627091817485232, 1.4425906438713405, 1.4243383618216048, 1.4203314554509547, 1.4129286572797881, 1.3905025632741945, 1.377055121669826, 1.3679556594012097, 1.3610906927073623, 1.3467191149223057, 1.3341202494755784, 1.3323331458545347, 1.3218064563928746, 1.3161406316958157, 1.3065760481362623, 1.2998141486530634, 1.2843275671311225, 1.2835838600292593, 1.278904923595952, 1.2829307956243157, 1.2619940058930554, 1.2653324863760211, 1.251251893263659, 1.2451285404024968, 1.2427533043890069, 1.2310574895746877, 1.229825297703636, 1.214526552618282, 1.215418571185783, 1.2102439478184903, 1.2025439033413379, 1.1985600245322074, 1.1994381477018878, 1.1907169769144523, 1.1887757782484707, 1.179788038322654, 1.1767114313615172, 1.170988267862105, 1.1798809378973159, 1.1779375241879233], "val_accs": [102.4598429845727, 168.25662928664167, 198.28554048123567, 202.1418263932933, 196.2617365298064, 191.19424748628035, 190.7677552015885, 185.29258921250053, 181.3995472866556, 180.75443592900814, 177.60686341161312, 174.32574799579123, 176.00511317045792, 178.4524120994236, 181.88239376233972, 174.30885282599408, 179.36935443048893, 170.75201509724494, 175.07980620342752, 166.3001250723134, 163.06296356864598, 167.25359966443932, 167.71974284959876, 165.9237607707148, 163.1408230657163, 166.7214261925739, 163.96047041519827, 166.63118092080822, 162.9341223011846, 158.60118403227432, 159.67249286485756, 156.7989311384118, 162.9731685306715, 155.33391604216203, 158.03618842415187, 155.14210453862728, 157.05528234398884, 154.85047982257345, 154.8330423603887, 155.79629896412726, 150.42909184331478, 159.79355014303457, 154.27091193821119, 158.81595656353494, 152.00546898219898, 152.55786220716394, 158.5939737651659, 150.5351672794508, 152.03246879577637, 151.5679343679677], "train_acc": 1.1779375241879233, "val_acc": 151.5679343679677, "exp_name": "exp1_lr", "device": "cpu", "batch_size": 16, "x_frames": 5, "y_frames": 1, "input_dim": 6, "hid_dim": 10, "n_layers": 2, "l2": 0.0001, "dropout": 0.3, "use_bn": true, "optim": "Adam", "lr": 0.0001, "epoch": 50, "path": "./model_checkpoint/"}