{"train_losses": [0.0047501962956366574, 0.002922071044123278, 0.0018394856475907665, 0.0013677601974757243, 0.0010978303986026556, 0.0009210101582687517, 0.000785457069016501, 0.0006873035427204583, 0.0006062121465651558, 0.0005451944075407061, 0.0004887287209239253, 0.0004691958834562326, 0.0004372001202194372, 0.0004105916480357479, 0.0003899912795095311, 0.0003656742455638671, 0.00034779177162812307, 0.0003408878453776843, 0.0003253182872125214, 0.0003206534409299077, 0.00031037382443723643, 0.00030411174673149134, 0.00028992077969124233, 0.00028817719609248776, 0.00027932502491955305, 0.0002721842821809934, 0.00026687937147912603, 0.00026036881308443233, 0.00026586560874087856, 0.0002606371111579145, 0.0002505643420718678, 0.0002536641389502845, 0.00025292304709744677, 0.0002490210499866063, 0.00024252749853011138, 0.00024292138600741432, 0.00023997218884102997, 0.00023969751278929988, 0.00023416217648760757, 0.00023444761632800668, 0.00023298413451249908, 0.00023311792691498815, 0.0002272202630657132, 0.00022657438560371552, 0.00022791288109883523, 0.00022514601160105764, 0.00022097132234489696, 0.00021770572889437664, 0.000219092911051928, 0.00021629982972169498], "val_losses": [16.623062347232, 27.1384654900626, 23.164293943345548, 19.772604082889206, 16.125588241673036, 10.065019376252009, 10.123832897291235, 7.087047565436881, 5.108734088828382, 3.5349384682333986, 4.251585131859326, 3.1412740357625095, 2.517172657455439, 1.884801001360883, 1.9122105519408765, 1.3297075253141963, 1.1832123839012954, 1.1982893055871777, 0.8669884481102876, 0.6459405757932235, 0.5449950529059963, 0.8469003511511761, 0.4692458605150814, 0.47275720615668787, 0.4990121963474414, 0.40988213840831556, 0.5241965774122788, 0.3854828820462622, 0.27868415264858176, 0.24608204600441716, 0.32015667817879306, 0.22312656356750624, 0.21639808700622423, 0.17697819679489601, 0.24862476309923373, 0.17947663532003114, 0.26883288918306, 0.1418610190021117, 0.1520870069163325, 0.24513938775205094, 0.1040561457083601, 0.08145423478487393, 0.09254437853055804, 0.08930923743578403, 0.1257589565023132, 0.0837306068835618, 0.06800096582054443, 0.056100412836784255, 0.05472474805656415, 0.050395066887342736], "train_accs": [2.453910134627323, 1.8982532578370976, 1.4455342811429364, 1.211839119073245, 1.0740909041312225, 0.9788916851594659, 0.9004028961800863, 0.8493342479322483, 0.8039817067285252, 0.7639856334461695, 0.729739669691148, 0.7123713982352661, 0.69274226521244, 0.6729054560251329, 0.6533327013998909, 0.6363430715778631, 0.6224198785438118, 0.6141636197898207, 0.6037701078059057, 0.5988005314828581, 0.586424066426137, 0.5847930164041281, 0.5730138054064703, 0.5701225334862843, 0.5625485686453557, 0.5618000137722629, 0.5542063415126243, 0.5487242829971322, 0.5515217371824584, 0.5503206069516914, 0.5411945635852851, 0.5427536156534997, 0.5400130984238879, 0.5389290565936458, 0.5339315258966871, 0.5336766220941629, 0.530564890941388, 0.5319177987488687, 0.5292393133176782, 0.5266346338592006, 0.5223024151502954, 0.526150369240237, 0.5194119045210309, 0.5177162235897005, 0.517526807763828, 0.5148793140592741, 0.5129701524266042, 0.5095612609729783, 0.5105023922126508, 0.5070217010985992], "val_accs": [164.264782242153, 197.64366697228473, 181.87817120759382, 164.88320894034013, 147.83830743872602, 116.19623897386634, 117.2777065857597, 97.78733827342158, 82.84928809456203, 68.62592051132866, 75.48905649599821, 65.1198020686274, 58.60873559039572, 50.84912444404934, 51.25266521288001, 42.755711596945055, 40.4716849575872, 40.65648535852847, 34.88262322052665, 30.570187373783277, 27.926003638557766, 34.71452790965205, 26.227818294193433, 26.38384398792101, 26.916125712187394, 24.510273858775264, 27.573676640054455, 23.86399069869, 20.324291028147158, 19.42177570177161, 22.00323946994284, 18.370515052131985, 18.21879135214764, 16.584327067499576, 19.235936654132345, 16.53561588577602, 20.029828871851382, 14.75280851903169, 15.323593183185743, 19.196246209351912, 12.689108749057935, 11.41786419827005, 12.064621639251708, 11.84024481566056, 13.960286175686381, 11.338475984075796, 10.253725167979365, 9.17023227940435, 8.758843194920084, 8.507865847711978], "train_acc": 0.5070217010985992, "val_acc": 8.507865847711978, "exp_name": "exp1_lr", "device": "cpu", "batch_size": 16, "x_frames": 5, "y_frames": 1, "input_dim": 6, "hid_dim": 50, "n_layers": 2, "l2": 0.0001, "dropout": 0.3, "use_bn": true, "optim": "Adam", "lr": 0.0001, "epoch": 50, "path": "./model_checkpoint/"}