{"train_losses": [0.007997433019520477, 0.005501113845918928, 0.004296461810017252, 0.0033972444570504407, 0.003139920894382285, 0.002987320878577623, 0.0028937827622526227, 0.0027993702830475873, 0.0027705997493404425, 0.0027442897907991263, 0.0026886538942301587, 0.002640560039094058, 0.0026687227617580426, 0.002635620756624862, 0.0026029530618850503, 0.0026091032372320654, 0.0025552345766146575, 0.002541764340093385, 0.0025151302230157126, 0.00251928052572895, 0.002494745090940501, 0.0024801867039533874, 0.0024753228108348718, 0.0024711472921425787, 0.0024372222066231897, 0.0024157633041183525, 0.0023957865288929225, 0.0023846752162067076, 0.0023625070695228456, 0.0023325623900974043, 0.0022853140787710917, 0.0022772316077939773, 0.0022115068087306326, 0.002099179671635132, 0.002007029658585658, 0.0019568643907178695, 0.001887337198956203, 0.0018607907310458302, 0.0017911513681439777, 0.0017361278532727386, 0.001670507576009914, 0.0016340408918431718, 0.0015863178349570203, 0.001536743108501229, 0.0014766154232608022, 0.0014558340696734597, 0.0014144967383614379, 0.0014026742631087696, 0.0013624717305104085, 0.0013038878760134767], "val_losses": [2.0747651636600493, 5.121856988537247, 11.622435891109964, 16.41931161051211, 17.299993916309397, 19.610563214188037, 20.525768346631008, 20.822736598486486, 23.720794968112656, 22.836844474271587, 25.22372287421123, 26.074214747483314, 25.45830055909312, 26.2497476618575, 29.74021187942961, 29.34848468394383, 31.922977779352145, 32.23081865258839, 33.32178574308105, 30.8820495194715, 33.7080754465383, 31.123877954353457, 36.952259881340936, 35.73827766335529, 35.17326201990895, 36.71537549884423, 34.47991847033086, 36.6825791378384, 36.191873859452166, 36.61897825482099, 37.44916682191517, 34.14485614798639, 35.60078411380882, 35.834601716794396, 34.969807268096055, 36.32676333538864, 34.4471607423104, 28.85874206694248, 26.909900143515806, 26.44570785297648, 22.99031892016368, 25.06384340212478, 23.33748192962097, 21.31014470024156, 21.402262962317984, 23.02138736318068, 22.251106004315712, 20.559749107079014, 19.508199079561493, 16.836264502419077], "train_accs": [4.01349583470887, 3.102697837529471, 2.599819379072985, 2.210672030384285, 2.0809408009733907, 2.002392800649007, 1.9566240680162204, 1.9150067783219993, 1.89743803906673, 1.8872264440056632, 1.863428041845093, 1.8402001604292666, 1.8461194950309359, 1.835052600971272, 1.823020358340107, 1.8236864975780211, 1.803476011394596, 1.80349627888238, 1.7910905874366227, 1.7906820836081336, 1.784018404107132, 1.7727488541996919, 1.7713035602985625, 1.7687119284205293, 1.7602020958226297, 1.7531862188476166, 1.739221872408882, 1.7480004066837282, 1.7326147970331265, 1.7245134466535608, 1.7031067806600968, 1.685228248952254, 1.654399758903014, 1.5978365569183353, 1.5487999180927463, 1.5200967618541563, 1.4915029238715407, 1.474548131583455, 1.4363614418000703, 1.4137774063186694, 1.3939497033603512, 1.3810141935382845, 1.359357260577207, 1.3444130842032345, 1.3210370138558933, 1.305101697776137, 1.286351136901731, 1.2838715235543725, 1.2622439128597225, 1.2391435386820497], "val_accs": [61.56261160477348, 94.905375542848, 139.07759293265966, 163.42807142838188, 167.30653059586234, 178.1772558958634, 182.17643338079037, 182.79436288916546, 195.68037902168606, 191.36858094256857, 200.90560624495797, 204.50205298714016, 201.75730486330778, 203.97300076692, 216.16937766697095, 214.10295121566108, 223.58724632263184, 223.474434811136, 228.55737948210344, 218.64860569497813, 228.75090055051058, 218.46265160933785, 238.8938967663309, 235.1090157882027, 231.23538839920707, 235.59021455515986, 228.02300764996073, 234.8474718010944, 233.16900296418564, 234.85310909437098, 236.29235299151875, 225.3493188775104, 230.29017071101975, 229.81376666193424, 224.8038381991179, 228.67519594275433, 222.200435833309, 204.87712490247642, 198.4383117592853, 197.11579114665156, 182.8342444088148, 190.9873835688052, 184.00476412980453, 176.96750928008038, 177.24316758072894, 184.70796365737914, 181.78301268453183, 173.36930105789847, 168.49132624916408, 156.49163372620293], "train_acc": 1.2391435386820497, "val_acc": 156.49163372620293, "exp_name": "exp1_lr", "device": "cpu", "batch_size": 16, "x_frames": 5, "y_frames": 1, "input_dim": 6, "hid_dim": 10, "n_layers": 3, "l2": 0.0001, "dropout": 0.3, "use_bn": true, "optim": "Adam", "lr": 0.0001, "epoch": 50, "path": "./model_checkpoint/"}