{"train_losses": [0.0054530101282681985, 0.0032350036541504376, 0.002400056283769703, 0.0016562334195485038, 0.0012601266529118733, 0.0010692517444339544, 0.0009375183935198296, 0.0007603378408343756, 0.0006794135951864701, 0.000611808418995996, 0.0005597790230197063, 0.0005121439709933305, 0.0004818360255562918, 0.0004498532009821909, 0.0004270314229609388, 0.0004070286937513112, 0.000394727909020832, 0.0003736161786677587, 0.00035740917823977395, 0.00034475597296908315, 0.00033239948622858294, 0.0003216387999806647, 0.00031059985786703414, 0.00030433249564683346, 0.000297324822296451, 0.0002842702945600125, 0.00028156314548811274, 0.00027855253011917046, 0.00027514311789109656, 0.00027023969695161575, 0.000264379924852201, 0.0002599301738262589, 0.0002553112376652115, 0.00025516051934158747, 0.00025291428213752637, 0.00024669797164372467, 0.0002485213410913181, 0.0002445776803444517, 0.0002455137355753277, 0.0002383983977062779, 0.00023862808934719133, 0.0002324887627577623, 0.00023685052227373905, 0.00023099625027130525, 0.0002324625299687923, 0.00023180220537136526, 0.00023057500940139422, 0.00022607696137845598, 0.000224081275077141, 0.00022539209029924433], "val_losses": [16.288749954104425, 22.088246761173334, 8.909887241499256, 8.053212495990422, 9.461832752175953, 7.353012149100718, 5.841834164508011, 4.321789103584445, 3.5489696287590524, 2.1520145448977535, 2.999544663745505, 2.016334079594716, 2.0120840342796367, 1.725411939750547, 1.5265953776629075, 1.3736875767941061, 1.5721124005382476, 1.2930465275178784, 0.8068920328565266, 0.6867938157009041, 0.9629423121719257, 0.8377317951425262, 0.8380787407250508, 0.5109687885512476, 0.4367361187610937, 0.4632518119948066, 0.7327431737728741, 0.6214648296975571, 0.6579698662071124, 0.6558895267870115, 0.47945963639927947, 0.4017276852675106, 0.31430466332189416, 0.48576022467535473, 0.5390120269811671, 0.48317784019138504, 0.5175405310223932, 0.49726534485816953, 0.3857906355482081, 0.37027632391647153, 0.4212252527151419, 0.6005096391167329, 0.4737390359458716, 0.600490786264772, 0.593895715734233, 0.40800542850857197, 0.3429646388506112, 0.4443926066160202, 0.31220794776049643, 0.3618036959806214], "train_accs": [2.611765914011789, 2.0311645564160474, 1.7041794943233912, 1.363996714310644, 1.154572766597672, 1.0582780302000065, 0.9944611236030194, 0.9141196501552933, 0.8674092424971125, 0.8236820769658385, 0.785503432739089, 0.7503399192075111, 0.7206279604402652, 0.6953737398039128, 0.6762887669765864, 0.660412974430312, 0.6497989546805809, 0.6354973497707831, 0.6228739094880615, 0.6151040891301375, 0.60643411344363, 0.5983484353720259, 0.5910731662763776, 0.5831860323103238, 0.5805177329102597, 0.5698535929590602, 0.565900542676979, 0.5639770279870807, 0.5608270061074148, 0.557518602763127, 0.5528377649164058, 0.5506229034751616, 0.5466672811327421, 0.5443245549693748, 0.5392242159721257, 0.536744061502447, 0.5371347517267419, 0.5343524503359498, 0.5367046579851129, 0.5314119982673979, 0.530621852859861, 0.525435524989568, 0.5270667993961781, 0.5250792381496866, 0.5241344140652426, 0.5221351706315177, 0.5227131504645948, 0.5180508969573336, 0.5165850891444906, 0.5161131346367114], "val_accs": [162.47237257750137, 177.60909781455993, 110.72851886334627, 105.35076615706734, 113.92160152767015, 99.92887006842572, 90.45262265412704, 78.38311977386475, 70.54710576430611, 55.24648750968601, 64.9298431624537, 53.23032889158829, 53.23728409642759, 48.94902284870977, 46.69645178421684, 44.61626535498578, 47.4493336553159, 43.13314233033553, 34.61887782967609, 32.35530312579611, 38.44174877664317, 36.22468425916589, 36.271560254304305, 28.613464637424634, 26.582962687119192, 27.49559490369714, 34.49514500161876, 31.820238975856615, 32.715289795917016, 32.80276261205258, 28.099573475381604, 25.836437664861265, 22.88323586090751, 28.518663323443867, 29.916149686730428, 28.430184994573178, 29.26922487175983, 28.846985551585323, 25.40520194095114, 24.85228225044582, 26.615240296073583, 31.4989060194596, 28.203247277633004, 31.636634893002718, 31.42776522429093, 26.173058298359745, 24.04718935593315, 27.356543955595598, 22.871793925243875, 24.643294479535975], "train_acc": 0.5161131346367114, "val_acc": 24.643294479535975, "exp_name": "exp1_lr", "device": "cpu", "batch_size": 16, "x_frames": 5, "y_frames": 1, "input_dim": 6, "hid_dim": 50, "n_layers": 3, "l2": 0.0001, "dropout": 0.3, "use_bn": true, "optim": "Adam", "lr": 0.0001, "epoch": 50, "path": "./model_checkpoint/"}