{"train_losses": [0.001287910776343469, 0.0005088855605144161, 0.0004835734951045861, 0.0004171378818198796, 0.00044178701233598056, 0.0003934783570338181, 0.00044266283378335906, 0.00041357652033003814, 0.0004409922504553395, 0.00048343128162367657, 0.0003516475571749723, 0.00045928232542250273, 0.000499716050140989, 0.0004571692309111558, 0.0004223809940587207, 0.0004384812188573373, 0.0005370023764237672, 0.00048735358828991645, 0.0005155150051808611, 0.00042207161781889163, 0.0004718981996275227, 0.00042899495689353184, 0.0004205188621225142, 0.0005066651221233046, 0.00043382984168079504, 0.0005304074207317094, 0.0004752837011379752, 0.0004932950889063295, 0.0004537831600054175, 0.00045980921843415703, 0.0004698377443732015, 0.0004536429963127053, 0.0005082255581283202, 0.0004104443398370438, 0.0004030752575832232, 0.0004454603192392024, 0.000483802091353769, 0.0004325784314247319, 0.00046720080563124826, 0.00040877654463276084, 0.0004575174333443469, 0.000499617371884816, 0.0004033232698865575, 0.0003739712788208003, 0.00043465006978720414, 0.00040806395863007393, 0.00047190580505443035, 0.0004499850666427763, 0.0004513304357644289, 0.0005060600340081518, 0.0005029827554853458, 0.00044332570980504444, 0.00045596393298466916, 0.00047936405759393106, 0.0004448881510459176, 0.000499435616151175, 0.0004804773277313909, 0.000440513001678405, 0.0005274678138925831, 0.00042090124937184305, 0.0004629540220105274, 0.00043660789536306444, 0.00040240140428945357, 0.0005401430611759969, 0.00041043799460212477, 0.0004131767064720394, 0.00041813288776824047, 0.0004237235534674255, 0.00046631690089812535, 0.00044135854293165833, 0.0004487811915401216, 0.00045636612403605724, 0.0005024580416616988, 0.0004984161083832968, 0.0003985463552530843, 0.00040405977859284814, 0.0004433300814106594, 0.00042754077817367455, 0.0004353114343512513, 0.0004362539871729347, 0.0004758713135575456, 0.0004887540955730163, 0.00046562729496261144, 0.00041353659940176975, 0.0004300604984712773, 0.00044392986084394, 0.0004950039341604272, 0.0004323630650273478, 0.00043736404244658366, 0.0004747136236085467, 0.00044669112177084345, 0.0004610225012790534, 0.0004792880650672893, 0.00045770613178964793, 0.00043853815477374437, 0.0004890959911442242, 0.0003920521530357717, 0.0004884502721466586, 0.0004684447802972512, 0.0004412467974200531], "val_losses": [0.00012229147396283224, 0.0026634789925689497, 0.0001894682238344103, 0.00022956658989035835, 0.00011186504658932487, 0.0008418400733110806, 0.00037712452467530966, 0.0029547066427767278, 0.0008111194086571535, 0.0004763693733063216, 0.0009380003398594757, 0.0031777201996495328, 0.00010113053601041126, 0.00025106284350234396, 8.954240681002072e-05, 0.0005472619232023135, 0.00013628085337889692, 0.0002453909587832944, 0.0005741887531864146, 0.0008284854236990213, 9.53087212110404e-05, 0.001438543553619335, 0.00010824518273390519, 9.16789126980196e-05, 0.0008470349285441141, 8.497981652908493e-05, 0.0020000212670614323, 0.000669814240730678, 0.0013990715456505616, 0.00014399757783394306, 0.0012428344770645102, 0.00018846338765191224, 0.00020443607936613262, 0.00011130370961230559, 0.009100448340177536, 0.00031742217931120346, 0.00024281059158965946, 0.000801386300008744, 0.009289419402678807, 0.00018375619426175643, 0.00012315763112079973, 0.0005522124605098119, 0.03434214815497398, 0.000410934158329231, 0.003981082032745083, 0.0016793491396432123, 0.0007880575217617054, 0.00031817855439536893, 0.0013077743584290146, 0.00018838874869591866, 0.00027296302456913203, 0.0016440484129513304, 0.00439385469071567, 9.349127916114715e-05, 0.003174087948476275, 0.005123047592739264, 0.0005876231375926484, 0.0022407576053713758, 0.00018689070663337285, 0.0008441233503011365, 0.0024174230561281244, 0.0007263995008543134, 0.005057452556987603, 0.0020432976229737203, 0.0017659334543471536, 0.0012252657984693845, 0.00034602304998164376, 0.00010725744965990694, 0.0009591288321341078, 0.0003722263737775696, 0.007010809890925884, 0.0005978553749931355, 0.006656015074501435, 0.0023632821006079516, 9.845687175887481e-05, 0.0010274082984930526, 0.003169791819527745, 0.0009453714553577205, 0.0015977264304334919, 0.0011763092828914524, 0.01919180266559124, 0.00014939101529307664, 0.003828491053233544, 0.015449779356519382, 0.0014081580641989906, 9.49202786917643e-05, 0.0012880939524620772, 0.00032468525168951603, 0.0013612124603241682, 0.0024365275787810487, 0.0022994647811477383, 0.00011892493712366559, 0.0005293271926348098, 0.0012784833321347832, 0.00026370360671232145, 8.017982751577317e-05, 0.00017834315149229952, 0.00012607787478676377, 0.008660969076057274, 0.0009273719411188115], "train_accs": [2.7827643189869873, 1.8704281846682231, 1.8419734047237017, 1.689849449176315, 1.7389083819609161, 1.6242300095498985, 1.7480373295909124, 1.6984877372887117, 1.7294873880579116, 1.811323767435466, 1.5779531333886139, 1.8192802164571504, 1.8783148153031126, 1.7724487654706265, 1.7396551801803264, 1.7732700798528414, 1.9365475170367152, 1.8413328946904932, 1.9088710037106318, 1.732762025391802, 1.8571958163528577, 1.7635216214132647, 1.7352823749290291, 1.90752109103169, 1.776655302614185, 1.9573550881646204, 1.8197536046834701, 1.8612709518865491, 1.8140695044334898, 1.8230610551140833, 1.8260994376020228, 1.7810225203527625, 1.8970190500113981, 1.665180687468948, 1.711498333418623, 1.7970212625062212, 1.8676400797586914, 1.7716761303286181, 1.8126871509754912, 1.704829955566014, 1.7920217442174329, 1.897046002196082, 1.691205880532028, 1.6469662400847631, 1.7772227081846683, 1.7077242510115846, 1.8118728387651715, 1.760757084116868, 1.76739287651177, 1.873163697356028, 1.88183054074328, 1.7498051104604775, 1.7724545734359862, 1.8675340103342177, 1.7931043592327875, 1.8921717872433628, 1.869971642997248, 1.782478389270762, 1.9244759169453425, 1.7232509044045252, 1.8326990834787382, 1.7643554390322231, 1.691135974112132, 1.9713149235603658, 1.6987130683153233, 1.7101617286391293, 1.7187795862027093, 1.7436435653808269, 1.8211210141790675, 1.7970306245570487, 1.7728056420459815, 1.7774011179910485, 1.9117361804906359, 1.9039492353479912, 1.711364433909139, 1.6892538249281281, 1.766302319917273, 1.7114715946058856, 1.755239022327653, 1.764195240135734, 1.855170858138842, 1.8547560407760295, 1.818761538317863, 1.7275382482202342, 1.7571391685211912, 1.8123079453799742, 1.8537025713751503, 1.7873066693333024, 1.7879764873085293, 1.8297948376506779, 1.7927382814546002, 1.7846346123421446, 1.8729281829181292, 1.8139615240671956, 1.7659224018137505, 1.8430612704432603, 1.6878418084366102, 1.873104584238208, 1.8040692339129483, 1.7828576482356864],