{"MMM": 8.840580204295751, "ABT": 29.373948697565027, "ABBV": 7.5545650068543635, "ABMD": 8.806425119024642, "ACN": 24.556712117586773, "ATVI": 24.504544987083634, "ADBE": 22.63508866053005, "AMD": 4.822593556074402, "AAP": 6.065416468406649, "AES": 50.528400089623574, "AFL": 18.917611629365354, "A": 31.591408751355953, "APD": 23.85251394630768, "AKAM": 40.395479443299884, "ALK": 13.443738459128319, "ALB": 13.887450079286431, "ARE": 28.39352085568721, "ALXN": 11.388710720853421, "ALGN": 18.7095728091664, "ALLE": 21.945582431593706, "LNT": 32.241525825046125, "ALL": 30.664663414674955, "GOOGL": 33.73251362007408, "GOOG": 27.403614958962663, "MO": 11.038560581821786, "AMZN": 23.03990944248771, "AMCR": 9.475517382010741, "AEE": 34.9511497075508, "AAL": 34.33106048639568, "AEP": 36.46355658830412, "AXP": 23.50751172581044, "AIG": 67.89009024548149, "AMT": 31.290026349475, "AWK": 17.718490680619993, "AMP": 10.556786311022105, "ABC": 42.562180090009974, "AME": 26.800502254496323, "AMGN": 35.374758498004084, "APH": 28.286216653533362, "ADI": 9.68963509225298, "ANSS": 18.245953929945706, "ANTM": 21.53992797091469, "AON": 31.72374877663724, "AOS": 14.484752762231071, "APA": 50.55146528997289, "AAPL": 16.764162213841725, "AMAT": 9.603778812750488, "APTV": 17.187604668523058, "ADM": 21.053172487363515, "ANET": 25.03785108164433, "AJG": 22.410557561702085, "AIZ": 28.042788087996158, "T": 23.27366561817591, "ATO": 33.917453750908635, "ADSK": 18.245096012154644, "ADP": 27.917315129107312, "AZO": 27.569361218822298, "AVB": 22.980826784796268, "AVY": 23.488962362236972, "BKR": 53.158787248873764, "BLL": 22.78522865658037, "BAC": 15.36172642921426, "BK": 8.497834829596709, "BAX": 32.264383022393375, "BDX": 39.03549232372168, "BRKB": 34.181482930937925, "BBY": 19.585639332850967, "BIO": 18.6290313633447, "BIIB": 16.63438717697123, "BLK": 26.492058244479043, "BA": 8.39064861628979, "BKNG": 21.024257910850853, "BWA": 18.822254019719576, "BXP": 18.92364344657142, "BSX": 23.914336520563673, "BMY": 15.450691343171346, "AVGO": 7.1802033719278, "BR": 23.56122221594789, "BFB": 15.356776899925434, "CHRW": 29.429393675937764, "COG": 13.187734296009982, "CDNS": 12.183959425536168, "CPB": 13.319427774982994, "COF": 17.356987714038663, "CAH": 14.214656828963907, "KMX": 20.8852746763565, "CCL": 14.486311371262865, "CARR": 26.760074523964217, "CTLT": 31.484560513952804, "CAT": 23.499452683154306, "CBOE": 23.837302639624916, "CBRE": 17.95014862783962, "CDW": 18.575416525266448, "CE": 20.772755698903886, "CNC": 32.18571282779468, "CNP": 14.581592132569243, "CERN": 31.806107019575208, "CF": 12.294944962186227, "SCHW": 11.41803695812678, "CHTR": 25.233029030082974, "CVX": 5.717628369571941, "CMG": 45.60302098912041, "CB": 26.721633443259552, "CHD": 39.57620027541898, "CI": 30.920912969654623, "CINF": 15.923805046512951, "CTAS": 22.59033287098859, "CSCO": 11.491135761144877, "C": 58.62205224936206, "CFG": 22.01891189059391, "CTXS": 35.994200644718234, "CLX": 39.40792365633, "CME": 33.890070717355705, "CMS": 40.516619240614496, "KO": 24.287163749238346, "CTSH": 18.314027915825992, "CL": 34.69074052056574, "CMCSA": 16.118290794453706, "CMA": 6.9531021434389855, "CAG": 12.823676443199256, "CXO": 23.463960336765602, "COP": 13.715611273606592, "ED": 30.68607538705963, "STZ": 9.514585122854239, "COO": 34.289322463309716, "CPRT": 17.065287605121277, "GLW": 42.3540312182826, "CTVA": 33.06115181596816, "COST": 25.517171813175537, "CCI": 33.026850622207256, "CSX": 26.533853003346998, "CMI": 22.104158284097164, "CVS": 16.56517136777787, "DHI": 18.364711470222378, "DHR": 21.83463181473184, "DRI": 12.979647813885675, "DVA": 20.389900037956703, "DE": 20.39169757356149, "DAL": 14.617972652301384, "XRAY": 11.071965057162036, "DVN": 46.370311402234584, "DXCM": 15.96030517900195, "FANG": 37.764962140795895, "DLR": 39.1994566292211, "DFS": 7.697483283014178, "DISCA": 16.34930073543025, "DISCK": 17.394738229999398, "DISH": 33.72219779229603, "DG": 33.29850103531889, "DLTR": 28.5963761607114, "D": 29.19523667800122, "DPZ": 31.080457494525703, "DOV": 23.443042552536657, "DOW": 12.262667454025946, "DTE": 22.0821497498098, "DUK": 26.119309137341908, "DRE": 15.21271952994713, "DD": 16.31425280928695, "DXC": 27.373288586420465, "EMN": 7.913007644956216, "ETN": 22.61802755392855, "EBAY": 23.431447436494558, "ECL": 26.695106251466616, "EIX": 21.992987759815826, "EW": 26.629948751035304, "EA": 26.42098013596027, "EMR": 10.492500376305076, "ETR": 32.058456785022614, "EOG": 8.485121797519552, "EFX": 15.427978144761866, "EQIX": 32.48730169640439, "EQR": 21.992414389190174, "ESS": 26.114144686548222, "EL": 23.75623412574848, "ETSY": 11.401416321874496, "EVRG": 30.461141194796244, "ES": 34.17265955474754, "RE": 28.225710016744053, "EXC": 39.38397848894043, "EXPE": 6.919867007325502, "EXPD": 29.64256068749097, "EXR": 29.511118048485773, "XOM": 22.96236443880892, "FFIV": 12.80698621805472, "FB": 25.28592234498391, "FAST": 17.45129137670689, "FRT": 11.992583036231075, "FDX": 9.125498706823432, "FIS": 37.21000441085733, "FITB": 42.98057425057596, "FE": 28.839623042100026, "FRC": 10.381192582564843, "FISV": 29.96533639871467, "FLT": 26.549109533022513, "FLIR": 13.326395496574067, "FLS": 19.583479829978433, "FMC": 24.799965289985952, "F": 56.142438207272164, "FTNT": 23.364906974118263, "FTV": 25.123611888772867, "FBHS": 15.93469098786365, "FOXA": 14.454493847951463, "FOX": 14.765853179586555, "BEN": 27.425322253239408, "FCX": 35.00253821699837, "GPS": 38.84949666600743, "GRMN": 13.528926408245637, "IT": 23.024623746281154, "GD": 8.82185949271303, "GE": 49.744297995771255, "GIS": 9.855425150873018, "GM": 34.316753904754535, "GPC": 16.012810634412507, "GILD": 18.527583959352096, "GL": 26.377254306257235, "GPN": 24.901359605439982, "GS": 9.81193324643538, "GWW": 26.648309770616823, "HAL": 27.567967940820783, "HBI": 30.70896497878036, "HIG": 27.041267889954177, "HAS": 15.34859065364438, "HCA": 10.290591506732287, "PEAK": 22.768038340255558, "HSIC": 21.481222679268942, "HSY": 32.74940816262577, "HES": 31.165954145295157, "HPE": 45.5926244419904, "HLT": 15.645251048594533, "HFC": 10.578739330727226, "HOLX": 20.500220551289942, "HD": 28.074028185202092, "HON": 20.376053827707892, "HRL": 47.48044839317909, "HST": 17.152154453571594, "HPQ": 16.91809999095056, "HUM": 26.076656649614172, "HBAN": 23.38768858191001, "HII": 28.04182398713282, "IEX": 29.963005991630702, "IDXX": 18.724717078843423, "INFO": 16.303086270780046, "ITW": 27.693280356001747, "ILMN": 27.596718835035634, "INCY": 9.673798398303125, "IR": 23.914614510248597, "INTC": 26.783705441362116, "ICE": 39.772727417632105, "IBM": 16.474409769431336, "IP": 9.0276796774964, "IPG": 40.486456686282764, "IFF": 26.994262046455248, "INTU": 22.189748198532637, "ISRG": 20.852842081012195, "IVZ": 52.1720547502336, "IPGP": 11.119139952052063, "IQV": 15.401815745201745, "IRM": 17.086220190797913, "JKHY": 39.430233129870466, "J": 40.73694418802103, "JBHT": 29.203631964519438, "SJM": 16.858606130917217, "JNJ": 31.663771274065432, "JCI": 8.011972426835625, "JPM": 29.473570007180783, "JNPR": 64.28245414388152, "KSU": 23.75852150487728, "K": 14.309923104591366, "KEY": 42.69265809691728, "KEYS": 35.71819172569832, "KMB": 31.85434887075127, "KIM": 54.76186992425842, "KMI": 42.74821297117917, "KLAC": 11.049206578399245, "KHC": 67.50134022695966, "KR": 13.669764329834416, "LB": 41.18104414247132, "LHX": 29.40475584711093, "LH": 24.01510032071126, "LRCX": 8.108296507495664, "LW": 22.222924203886407, "LVS": 23.754129975866864, "LEG": 13.652288366654528, "LDOS": 26.477227275747268, "LEN": 16.100859459940388, "LLY": 34.835220510024854, "LNC": 14.764943389033872, "LIN": 47.19605474001343, "LYV": 19.29630426007564, "LKQ": 7.070758393060876, "LMT": 28.423900985777344, "L": 23.104660871718757, "LOW": 43.95913490729985, "LUMN": 34.793290685900715, "LYB": 12.810949452247689, "MTB": 9.283411664490568, "MRO": 35.61971142332085, "MPC": 18.181366706091087, "MKTX": 27.267967055972814, "MAR": 17.252103895093647,