{"AES": 40.94291698775499, "AKAM": 32.65587430796518, "AEE": 32.003414129140445, "AEP": 34.68585357596436, "AIG": 60.70411705047163, "ABC": 43.57955761557798, "AMGN": 34.194069765357185, "APA": 40.122098959519235, "BKR": 45.04758323983629, "BDX": 35.48068816012282, "CMG": 38.23202320829465, "CHD": 34.8201474008242, "C": 51.57844668671333, "CTXS": 35.41744128212494, "CLX": 41.10703106438789, "CMS": 34.747013516008934, "CL": 34.3918160441918, "GLW": 34.15867237404435, "DVN": 36.037477344281044, "FANG": 26.65040535177205, "DLR": 37.25629462320553, "EXC": 31.618470603676414, "FIS": 34.1049983037645, "FITB": 34.74042017151711, "F": 47.68740049822212, "FCX": 27.883910308901218, "GPS": 30.578921912262118, "GE": 42.81386377652312, "HPE": 33.46729474384748, "HRL": 44.19486181533894, "ICE": 33.719800200708086, "IPG": 32.760671091927826, "IVZ": 44.10966855907458, "JKHY": 37.49534394535232, "J": 37.98005371972164, "JNPR": 57.15505902005611, "KEY": 35.00833602944241, "KEYS": 37.09295808529399, "KIM": 46.78078007218601, "KMI": 33.651935000358506, "KHC": 60.00971614521951, "LB": 33.540119180091885, "LLY": 33.688653804554235, "LIN": 44.286659631634286, "LOW": 38.13005100723943, "LUMN": 26.266406045426294, "MRO": 27.09287592875182, "MRK": 28.943900288832857, "MGM": 48.93404599537918, "MOS": 51.18197633236109, "NOV": 32.774048018965985, "NWSA": 35.67714084188559, "NWS": 38.150890768917805, "NLSN": 27.572887212019133, "NI": 32.21494950564426, "NCLH": 27.95440477989518, "PRGO": 28.928531308267896, "PGR": 41.665668668854, "RF": 37.19993819066762, "RSG": 33.18866316309885, "SLB": 36.28560778067792, "STX": 35.857668802346915, "TROW": 33.71903657286885, "UA": 39.63504885341521, "VZ": 29.175525213779803, "VIAC": 35.17145115850745, "VNO": 29.103074681681807, "WMB": 32.679535999565495, "XEL": 31.876725542495173}